ID,y
TEST_0000,84.290695
TEST_0001,82.51546
TEST_0002,91.01922
TEST_0003,91.530846
TEST_0004,82.78918
TEST_0005,82.98205
TEST_0006,82.72974
TEST_0007,82.82177
TEST_0008,90.81032
TEST_0009,82.96206
TEST_0010,84.198105
TEST_0011,83.00326
TEST_0012,83.61576
TEST_0013,84.049255
TEST_0014,82.92357
TEST_0015,93.897415
TEST_0016,86.200226
TEST_0017,83.74194
TEST_0018,83.24258
TEST_0019,90.94977
TEST_0020,85.33151
TEST_0021,82.42242
TEST_0022,90.053635
TEST_0023,83.0708
TEST_0024,85.682236
TEST_0025,84.13962
TEST_0026,90.79895
TEST_0027,82.48868
TEST_0028,84.15947
TEST_0029,86.07567
TEST_0030,83.93057
TEST_0031,83.00056
TEST_0032,83.774704
TEST_0033,83.12596
TEST_0034,83.77286
TEST_0035,84.244156
TEST_0036,83.39306
TEST_0037,91.63432
TEST_0038,82.46861
TEST_0039,84.68019
TEST_0040,90.05286
TEST_0041,84.381226
TEST_0042,83.56918
TEST_0043,82.95995
TEST_0044,85.56298
TEST_0045,82.29005
TEST_0046,82.29396
TEST_0047,82.28345
TEST_0048,89.92983
TEST_0049,84.15294
TEST_0050,83.042656
TEST_0051,82.485085
TEST_0052,82.7686
TEST_0053,82.48305
TEST_0054,84.314575
TEST_0055,83.99167
TEST_0056,90.5306
TEST_0057,92.93104
TEST_0058,90.600525
TEST_0059,82.67264
TEST_0060,91.14302
TEST_0061,84.74214
TEST_0062,83.25377
TEST_0063,90.7754
TEST_0064,84.65866
TEST_0065,90.71364
TEST_0066,84.58141
TEST_0067,91.131676
TEST_0068,82.909325
TEST_0069,85.32718
TEST_0070,82.59307
TEST_0071,86.42159
TEST_0072,83.58005
TEST_0073,83.98779
TEST_0074,82.63238
TEST_0075,84.65142
TEST_0076,89.809654
TEST_0077,83.791855
TEST_0078,82.61435
TEST_0079,85.25441
TEST_0080,83.82262
TEST_0081,84.58397
TEST_0082,90.57695
TEST_0083,83.04756
TEST_0084,90.56355
TEST_0085,92.72678
TEST_0086,93.60591
TEST_0087,82.5638
TEST_0088,82.44763
TEST_0089,82.52897
TEST_0090,83.89524
TEST_0091,82.861885
TEST_0092,84.12526
TEST_0093,82.746666
TEST_0094,83.14248
TEST_0095,85.64025
TEST_0096,91.29799
TEST_0097,83.16081
TEST_0098,90.69268
TEST_0099,84.8189
TEST_0100,82.03525
TEST_0101,82.4513
TEST_0102,83.2317
TEST_0103,91.919304
TEST_0104,88.12371
TEST_0105,83.19842
TEST_0106,88.92748
TEST_0107,91.83871
TEST_0108,92.01076
TEST_0109,83.9054
TEST_0110,82.62296
TEST_0111,82.47159
TEST_0112,82.93829
TEST_0113,83.70797
TEST_0114,83.08017
TEST_0115,83.37902
TEST_0116,82.88873
TEST_0117,90.35696
TEST_0118,82.81395
TEST_0119,82.687515
TEST_0120,83.26888
TEST_0121,91.34089
TEST_0122,93.247925
TEST_0123,91.64422
TEST_0124,83.024704
TEST_0125,92.07941
TEST_0126,89.842224
TEST_0127,83.422585
TEST_0128,82.6553
TEST_0129,83.77893
TEST_0130,92.17038
TEST_0131,91.426926
TEST_0132,82.58545
TEST_0133,90.77606
TEST_0134,85.05622
TEST_0135,83.8309
TEST_0136,82.71014
TEST_0137,83.66302
TEST_0138,82.41564
TEST_0139,84.47038
TEST_0140,83.32161
TEST_0141,84.59335
TEST_0142,90.69251
TEST_0143,92.8336
TEST_0144,82.86705
TEST_0145,82.48749
TEST_0146,82.876884
TEST_0147,82.916824
TEST_0148,82.45156
TEST_0149,82.62647
TEST_0150,84.60909
TEST_0151,82.65306
TEST_0152,82.67258
TEST_0153,82.530205
TEST_0154,83.43584
TEST_0155,87.39226
TEST_0156,83.14038
TEST_0157,84.44
TEST_0158,83.06955
TEST_0159,90.65443
TEST_0160,85.20432
TEST_0161,93.62984
TEST_0162,82.68249
TEST_0163,91.03377
TEST_0164,82.42722
TEST_0165,82.917755
TEST_0166,91.376755
TEST_0167,92.20047
TEST_0168,82.71978
TEST_0169,83.01744
TEST_0170,90.28838
TEST_0171,82.432816
TEST_0172,82.44264
TEST_0173,85.07624
TEST_0174,82.85408
TEST_0175,92.644066
TEST_0176,84.907394
TEST_0177,85.57163
TEST_0178,83.112816
TEST_0179,82.59177
TEST_0180,93.18304
TEST_0181,90.69679
TEST_0182,88.30244
TEST_0183,85.7625
TEST_0184,82.08203
TEST_0185,83.21833
TEST_0186,82.12359
TEST_0187,82.73692
TEST_0188,86.21991
TEST_0189,83.960175
TEST_0190,83.99655
TEST_0191,82.80563
TEST_0192,84.20331
TEST_0193,82.870346
TEST_0194,83.06909
TEST_0195,83.585236
TEST_0196,82.40985
TEST_0197,92.031006
TEST_0198,82.28521
TEST_0199,82.689865
TEST_0200,86.70772
TEST_0201,83.98887
TEST_0202,92.748
TEST_0203,92.43775
TEST_0204,88.19739
TEST_0205,89.1343
TEST_0206,85.9899
TEST_0207,92.27258
TEST_0208,92.26315
TEST_0209,83.132
TEST_0210,82.83592
TEST_0211,91.294365
TEST_0212,91.35776
TEST_0213,85.68013
TEST_0214,83.239105
TEST_0215,88.3884
TEST_0216,90.83705
TEST_0217,84.194855
TEST_0218,91.45054
TEST_0219,83.134
TEST_0220,85.10226
TEST_0221,82.117966
TEST_0222,82.920944
TEST_0223,82.837944
TEST_0224,92.37311
TEST_0225,82.97356
TEST_0226,84.070656
TEST_0227,82.997536
TEST_0228,90.98094
TEST_0229,83.18259
TEST_0230,86.08081
TEST_0231,86.907
TEST_0232,85.46575
TEST_0233,82.30572
TEST_0234,82.3011
TEST_0235,82.83191
TEST_0236,82.86644
TEST_0237,91.21422
TEST_0238,85.57704
TEST_0239,82.4677
TEST_0240,83.54954
TEST_0241,91.643745
TEST_0242,84.9368
TEST_0243,83.06558
TEST_0244,92.73157
TEST_0245,83.92996
TEST_0246,83.78075
TEST_0247,91.259315
TEST_0248,85.45773
TEST_0249,83.06289
TEST_0250,82.64408
TEST_0251,83.74142
TEST_0252,82.271835
TEST_0253,86.642525
TEST_0254,92.248215
TEST_0255,82.192825
TEST_0256,83.4648
TEST_0257,82.87612
TEST_0258,82.32623
TEST_0259,91.74422
TEST_0260,83.419846
TEST_0261,82.90407
TEST_0262,88.45143
TEST_0263,83.52154
TEST_0264,83.20799
TEST_0265,83.69329
TEST_0266,83.085144
TEST_0267,86.58786
TEST_0268,82.33249
TEST_0269,82.28694
TEST_0270,82.60169
TEST_0271,84.07265
TEST_0272,85.365265
TEST_0273,82.85886
TEST_0274,85.94888
TEST_0275,82.54788
TEST_0276,83.76872
TEST_0277,82.5907
TEST_0278,83.78113
TEST_0279,82.5221
TEST_0280,82.82605
TEST_0281,83.645996
TEST_0282,82.390594
TEST_0283,82.60159
TEST_0284,82.57983
TEST_0285,82.87525
TEST_0286,85.63144
TEST_0287,82.434746
TEST_0288,88.34771
TEST_0289,87.61356
TEST_0290,82.6384
TEST_0291,91.014015
TEST_0292,83.33502
TEST_0293,86.780685
TEST_0294,82.394104
TEST_0295,85.01233
TEST_0296,83.547195
TEST_0297,82.761856
TEST_0298,89.97303
TEST_0299,92.42533
TEST_0300,82.37203
TEST_0301,85.589325
TEST_0302,89.21036
TEST_0303,83.59017
TEST_0304,83.15332
TEST_0305,83.578865
TEST_0306,90.96399
TEST_0307,82.37134
TEST_0308,86.19932
TEST_0309,92.80078
TEST_0310,82.663414
TEST_0311,91.05484
TEST_0312,84.22246
TEST_0313,92.21336
TEST_0314,85.36149
TEST_0315,86.04366
TEST_0316,82.2805
TEST_0317,83.6034
TEST_0318,84.55853
TEST_0319,84.49248
TEST_0320,91.62297
TEST_0321,83.015884
TEST_0322,84.19768
TEST_0323,83.02199
TEST_0324,83.83645
TEST_0325,82.68805
TEST_0326,92.14999
TEST_0327,83.504196
TEST_0328,82.69901
TEST_0329,83.611404
TEST_0330,82.95691
TEST_0331,83.36684
TEST_0332,83.27217
TEST_0333,82.77542
TEST_0334,82.71619
TEST_0335,84.517815
TEST_0336,82.21811
TEST_0337,83.208595
TEST_0338,83.103195
TEST_0339,82.70032
TEST_0340,84.23872
TEST_0341,89.813286
TEST_0342,83.50782
TEST_0343,84.9494
TEST_0344,83.08981
TEST_0345,88.62648
TEST_0346,83.33186
TEST_0347,91.99776
TEST_0348,84.77998
TEST_0349,83.94476
TEST_0350,82.843445
TEST_0351,85.3473
TEST_0352,84.16246
TEST_0353,83.16289
TEST_0354,82.962814
TEST_0355,90.65213
TEST_0356,82.928925
TEST_0357,82.470795
TEST_0358,82.53761
TEST_0359,84.29736
TEST_0360,82.451065
TEST_0361,92.68221
TEST_0362,83.41687
TEST_0363,84.04225
TEST_0364,82.237526
TEST_0365,82.30391
TEST_0366,90.58007
TEST_0367,91.370476
TEST_0368,82.33942
TEST_0369,83.933426
TEST_0370,83.97069
TEST_0371,82.7668
TEST_0372,85.93567
TEST_0373,83.265015
TEST_0374,82.67877
TEST_0375,83.394485
TEST_0376,82.5676
TEST_0377,82.42636
TEST_0378,91.77643
TEST_0379,84.39546
TEST_0380,82.765915
TEST_0381,82.19728
TEST_0382,81.94678
TEST_0383,83.9247
TEST_0384,84.49713
TEST_0385,83.461945
TEST_0386,85.50817
TEST_0387,83.934364
TEST_0388,83.05246
TEST_0389,91.80997
TEST_0390,82.54829
TEST_0391,84.89833
TEST_0392,92.697716
TEST_0393,82.216606
TEST_0394,90.65931
TEST_0395,83.22924
TEST_0396,89.277084
TEST_0397,84.72432
TEST_0398,83.47736
TEST_0399,90.74381
TEST_0400,83.27388
TEST_0401,82.78963
TEST_0402,85.3223
TEST_0403,93.23912
TEST_0404,84.595474
TEST_0405,85.31496
TEST_0406,88.37367
TEST_0407,84.190254
TEST_0408,83.9849
TEST_0409,83.00554
TEST_0410,91.814705
TEST_0411,82.45698
TEST_0412,89.18216
TEST_0413,82.84898
TEST_0414,82.886505
TEST_0415,82.45597
TEST_0416,87.89342
TEST_0417,84.84562
TEST_0418,83.09263
TEST_0419,84.50162
TEST_0420,85.212654
TEST_0421,84.43081
TEST_0422,82.16719
TEST_0423,86.84157
TEST_0424,82.50865
TEST_0425,91.899704
TEST_0426,83.98559
TEST_0427,82.72683
TEST_0428,83.00265
TEST_0429,83.19185
TEST_0430,86.00246
TEST_0431,82.018875
TEST_0432,87.51811
TEST_0433,82.72834
TEST_0434,91.45947
TEST_0435,85.14136
TEST_0436,87.08451
TEST_0437,82.79842
TEST_0438,91.31814
TEST_0439,83.53511
TEST_0440,89.20978
TEST_0441,84.65103
TEST_0442,88.63608
TEST_0443,84.08611
TEST_0444,84.374596
TEST_0445,82.84794
TEST_0446,82.57322
TEST_0447,93.24681
TEST_0448,83.5031
TEST_0449,82.1744
TEST_0450,83.094604
TEST_0451,83.88771
TEST_0452,83.09777
TEST_0453,92.99222
TEST_0454,84.40854
TEST_0455,82.45216
TEST_0456,82.572495
TEST_0457,88.89734
TEST_0458,84.767715
TEST_0459,84.83086
TEST_0460,92.52698
TEST_0461,82.69781
TEST_0462,83.331345
TEST_0463,86.56609
TEST_0464,89.74669
TEST_0465,83.41573
TEST_0466,85.61276
TEST_0467,83.96449
TEST_0468,84.06061
TEST_0469,85.47136
TEST_0470,82.93814
TEST_0471,83.31067
TEST_0472,85.44121
TEST_0473,82.95361
TEST_0474,83.27864
TEST_0475,91.051575
TEST_0476,82.3875
TEST_0477,82.513824
TEST_0478,82.60743
TEST_0479,85.086945
TEST_0480,83.44945
TEST_0481,83.02214
TEST_0482,83.93672
TEST_0483,83.951935
TEST_0484,82.44239
TEST_0485,82.756294
TEST_0486,83.03668
TEST_0487,83.42554
TEST_0488,85.309425
TEST_0489,83.77336
TEST_0490,92.606964
TEST_0491,82.517456
TEST_0492,82.639206
TEST_0493,92.12185
TEST_0494,82.69301
TEST_0495,85.59064
TEST_0496,93.343765
TEST_0497,83.4256
TEST_0498,88.610794
TEST_0499,89.182655
TEST_0500,87.77161
TEST_0501,82.64036
TEST_0502,86.93534
TEST_0503,84.14518
TEST_0504,89.53724
TEST_0505,88.60028
TEST_0506,92.97629
TEST_0507,83.97012
TEST_0508,82.606735
TEST_0509,89.33835
TEST_0510,92.22909
TEST_0511,87.67904
TEST_0512,83.26755
TEST_0513,85.97702
TEST_0514,90.05944
TEST_0515,82.249855
TEST_0516,82.10251
TEST_0517,82.98064
TEST_0518,82.37877
TEST_0519,83.61539
TEST_0520,92.43819
TEST_0521,84.872894
TEST_0522,82.28783
TEST_0523,82.736984
TEST_0524,82.433044
TEST_0525,82.57454
TEST_0526,84.61351
TEST_0527,87.8396
TEST_0528,91.430275
TEST_0529,83.55788
TEST_0530,86.89821
TEST_0531,82.45354
TEST_0532,82.53383
TEST_0533,85.660934
TEST_0534,84.91646
TEST_0535,92.79851
TEST_0536,82.62285
TEST_0537,82.72495
TEST_0538,92.05632
TEST_0539,92.198135
TEST_0540,82.538246
TEST_0541,90.57541
TEST_0542,92.59968
TEST_0543,83.897995
TEST_0544,91.5726
TEST_0545,83.765526
TEST_0546,89.09659
TEST_0547,83.697395
TEST_0548,91.399254
TEST_0549,88.08035
TEST_0550,84.39038
TEST_0551,82.09836
TEST_0552,85.955315
TEST_0553,82.43841
TEST_0554,83.25225
TEST_0555,85.928925
TEST_0556,83.52168
TEST_0557,83.67256
TEST_0558,84.020676
TEST_0559,82.924
TEST_0560,90.99662
TEST_0561,82.19518
TEST_0562,93.36463
TEST_0563,83.07773
TEST_0564,82.51096
TEST_0565,84.023766
TEST_0566,83.646545
TEST_0567,82.22237
TEST_0568,86.88692
TEST_0569,83.47772
TEST_0570,86.69592
TEST_0571,93.27507
TEST_0572,93.7693
TEST_0573,82.33361
TEST_0574,88.409546
TEST_0575,83.57831
TEST_0576,82.91396
TEST_0577,82.668915
TEST_0578,84.69832
TEST_0579,84.76757
TEST_0580,93.54504
TEST_0581,92.51788
TEST_0582,84.12056
TEST_0583,87.50397
TEST_0584,83.10054
TEST_0585,82.48988
TEST_0586,82.58288
TEST_0587,85.57262
TEST_0588,93.395645
TEST_0589,82.321335
TEST_0590,82.806564
TEST_0591,84.3647
TEST_0592,94.15309
TEST_0593,82.614914
TEST_0594,90.8131
TEST_0595,84.97783
TEST_0596,84.01639
TEST_0597,84.351906
TEST_0598,84.95767
TEST_0599,90.214645
TEST_0600,83.52376
TEST_0601,86.19046
TEST_0602,85.738235
TEST_0603,92.336426
TEST_0604,83.410904
TEST_0605,83.86142
TEST_0606,82.282974
TEST_0607,86.39264
TEST_0608,93.42308
TEST_0609,89.80626
TEST_0610,91.50433
TEST_0611,91.407646
TEST_0612,92.11131
TEST_0613,93.69563
TEST_0614,82.70421
TEST_0615,82.67262
TEST_0616,82.854416
TEST_0617,83.36813
TEST_0618,82.56059
TEST_0619,83.889824
TEST_0620,83.895096
TEST_0621,92.862465
TEST_0622,83.63086
TEST_0623,83.933716
TEST_0624,83.23759
TEST_0625,82.249435
TEST_0626,83.03636
TEST_0627,93.16136
TEST_0628,91.28632
TEST_0629,82.59623
TEST_0630,83.22511
TEST_0631,82.49932
TEST_0632,92.36705
TEST_0633,84.190544
TEST_0634,83.251526
TEST_0635,92.00462
TEST_0636,82.74392
TEST_0637,86.2715
TEST_0638,86.26207
TEST_0639,82.410355
TEST_0640,82.79108
TEST_0641,82.49355
TEST_0642,92.1341
TEST_0643,87.99776
TEST_0644,82.41759
TEST_0645,82.671394
TEST_0646,84.27014
TEST_0647,92.53139
TEST_0648,86.75569
TEST_0649,83.162384
TEST_0650,82.91173
TEST_0651,84.495026
TEST_0652,83.434135
TEST_0653,82.97923
TEST_0654,82.410126
TEST_0655,82.33483
TEST_0656,83.037056
TEST_0657,83.40335
TEST_0658,84.74826
TEST_0659,83.726974
TEST_0660,84.72521
TEST_0661,83.617294
TEST_0662,83.79283
TEST_0663,84.211975
TEST_0664,83.40651
TEST_0665,91.919395
TEST_0666,92.90602
TEST_0667,83.62918
TEST_0668,82.84416
TEST_0669,83.67497
TEST_0670,82.909645
TEST_0671,83.1469
TEST_0672,83.71272
TEST_0673,82.64424
TEST_0674,82.79915
TEST_0675,83.77344
TEST_0676,90.69854
TEST_0677,90.12245
TEST_0678,84.58366
TEST_0679,84.04183
TEST_0680,87.20245
TEST_0681,91.07968
TEST_0682,82.548706
TEST_0683,82.127205
TEST_0684,83.373505
TEST_0685,88.977356
TEST_0686,88.43327
TEST_0687,83.326385
TEST_0688,84.03703
TEST_0689,90.03515
TEST_0690,85.51126
TEST_0691,91.85821
TEST_0692,82.592865
TEST_0693,85.01573
TEST_0694,83.527016
TEST_0695,83.435196
TEST_0696,82.8206
TEST_0697,83.289276
TEST_0698,93.09136
TEST_0699,84.93936
TEST_0700,89.98233
TEST_0701,83.384964
TEST_0702,82.67442
TEST_0703,93.590866
TEST_0704,82.825966
TEST_0705,82.381165
TEST_0706,93.38835
TEST_0707,83.46859
TEST_0708,82.79582
TEST_0709,82.72745
TEST_0710,82.391174
TEST_0711,91.72198
TEST_0712,82.73623
TEST_0713,92.61179
TEST_0714,82.76454
TEST_0715,82.91388
TEST_0716,83.34291
TEST_0717,91.23584
TEST_0718,92.55031
TEST_0719,84.17711
TEST_0720,82.94942
TEST_0721,92.72064
TEST_0722,82.93036
TEST_0723,82.87348
TEST_0724,83.15495
TEST_0725,84.186134
TEST_0726,84.280426
TEST_0727,82.95677
TEST_0728,82.198326
TEST_0729,82.99442
TEST_0730,82.46813
TEST_0731,92.269104
TEST_0732,91.17268
TEST_0733,82.88846
TEST_0734,82.27988
TEST_0735,82.11044
TEST_0736,87.51047
TEST_0737,87.40484
TEST_0738,83.15849
TEST_0739,92.26879
TEST_0740,84.32986
TEST_0741,90.771835
TEST_0742,83.46591
TEST_0743,82.873146
TEST_0744,82.64142
TEST_0745,84.91513
TEST_0746,83.1705
TEST_0747,84.12585
TEST_0748,83.06284
TEST_0749,83.057526
TEST_0750,82.56763
TEST_0751,83.86827
TEST_0752,84.22746
TEST_0753,88.44759
TEST_0754,90.36315
TEST_0755,83.12427
TEST_0756,87.44046
TEST_0757,82.966225
TEST_0758,84.84558
TEST_0759,89.65912
TEST_0760,91.23418
TEST_0761,84.91809
TEST_0762,83.16101
TEST_0763,90.899796
TEST_0764,88.987404
TEST_0765,82.78563
TEST_0766,83.17876
TEST_0767,83.285934
TEST_0768,85.00888
TEST_0769,92.908424
TEST_0770,86.39418
TEST_0771,88.64105
TEST_0772,86.87773
TEST_0773,85.87662
TEST_0774,84.27486
TEST_0775,82.13422
TEST_0776,83.63179
TEST_0777,82.77455
TEST_0778,91.18866
TEST_0779,84.699104
TEST_0780,90.730415
TEST_0781,82.51602
TEST_0782,83.72973
TEST_0783,92.71387
TEST_0784,91.76594
TEST_0785,84.79964
TEST_0786,91.29456
TEST_0787,83.2215
TEST_0788,91.55585
TEST_0789,82.869
TEST_0790,82.628944
TEST_0791,82.676704
TEST_0792,85.46771
TEST_0793,83.89316
TEST_0794,83.65426
TEST_0795,83.20943
TEST_0796,83.30484
TEST_0797,83.92702
TEST_0798,83.54407
TEST_0799,92.871704
TEST_0800,92.39599
TEST_0801,82.80296
TEST_0802,82.90538
TEST_0803,82.65413
TEST_0804,89.11919
TEST_0805,92.91944
TEST_0806,82.6029
TEST_0807,82.75723
TEST_0808,84.86698
TEST_0809,92.33043
TEST_0810,85.07538
TEST_0811,82.38123
TEST_0812,89.78587
TEST_0813,92.18951
TEST_0814,92.89597
TEST_0815,92.60765
TEST_0816,82.62462
TEST_0817,82.47771
TEST_0818,82.67839
TEST_0819,82.72476
TEST_0820,84.556
TEST_0821,84.83534
TEST_0822,84.020515
TEST_0823,92.28732
TEST_0824,87.10488
TEST_0825,82.67023
TEST_0826,84.10988
TEST_0827,82.9158
TEST_0828,84.10392
TEST_0829,82.14443
TEST_0830,92.376816
TEST_0831,82.52173
TEST_0832,82.60299
TEST_0833,82.32641
TEST_0834,91.6064
TEST_0835,84.7019
TEST_0836,83.10953
TEST_0837,83.868164
TEST_0838,85.97359
TEST_0839,83.59008
TEST_0840,93.1008
TEST_0841,83.230064
TEST_0842,88.36434
TEST_0843,82.523636
TEST_0844,84.85429
TEST_0845,87.68051
TEST_0846,91.865814
TEST_0847,83.85966
TEST_0848,83.09848
TEST_0849,82.84717
TEST_0850,85.33201
TEST_0851,83.29855
TEST_0852,82.76922
TEST_0853,83.70528
TEST_0854,83.40535
TEST_0855,84.0805
TEST_0856,82.93974
TEST_0857,83.68007
TEST_0858,82.64665
TEST_0859,82.986595
TEST_0860,82.56082
TEST_0861,82.37282
TEST_0862,83.1902
TEST_0863,85.35074
TEST_0864,91.94133
TEST_0865,92.10721
TEST_0866,90.86757
TEST_0867,82.74045
TEST_0868,83.76925
TEST_0869,83.23271
TEST_0870,82.9491
TEST_0871,83.70637
TEST_0872,92.27446
TEST_0873,85.22035
TEST_0874,83.46461
TEST_0875,84.14537
TEST_0876,86.89959
TEST_0877,86.37276
TEST_0878,83.064995
TEST_0879,84.9666
TEST_0880,82.913536
TEST_0881,82.773476
TEST_0882,82.875
TEST_0883,84.138565
TEST_0884,86.29745
TEST_0885,83.84679
TEST_0886,92.120056
TEST_0887,82.89857
TEST_0888,82.89499
TEST_0889,84.14347
TEST_0890,82.547386
TEST_0891,83.15437
TEST_0892,89.70586
TEST_0893,85.303024
TEST_0894,87.79593
TEST_0895,84.902954
TEST_0896,82.92647
TEST_0897,87.730705
TEST_0898,91.71598
TEST_0899,83.68073
TEST_0900,82.72458
TEST_0901,83.39403
TEST_0902,83.061005
TEST_0903,82.97957
TEST_0904,86.638855
TEST_0905,84.2612
TEST_0906,83.33823
TEST_0907,92.72986
TEST_0908,83.204895
TEST_0909,83.41992
TEST_0910,85.95654
TEST_0911,83.08902
TEST_0912,82.55528
TEST_0913,82.60515
TEST_0914,85.5817
TEST_0915,82.65111
TEST_0916,86.70507
TEST_0917,91.83917
TEST_0918,93.14068
TEST_0919,82.92886
TEST_0920,82.847824
TEST_0921,83.34262
TEST_0922,84.76621
TEST_0923,85.04707
TEST_0924,91.28973
TEST_0925,84.03621
TEST_0926,83.34224
TEST_0927,88.55817
TEST_0928,83.16637
TEST_0929,84.01164
TEST_0930,86.4704
TEST_0931,82.58703
TEST_0932,87.08684
TEST_0933,82.77673
TEST_0934,90.677475
TEST_0935,91.74578
TEST_0936,83.031876
TEST_0937,83.10042
TEST_0938,84.1064
TEST_0939,88.15085
TEST_0940,85.61492
TEST_0941,83.164055
TEST_0942,82.54761
TEST_0943,85.28845
TEST_0944,84.59265
TEST_0945,82.68521
TEST_0946,91.1046
TEST_0947,83.27785
TEST_0948,84.45775
TEST_0949,82.55352
TEST_0950,84.32526
TEST_0951,82.599335
TEST_0952,83.7424
TEST_0953,82.52347
TEST_0954,84.652275
TEST_0955,84.10402
TEST_0956,82.80665
TEST_0957,87.60304
TEST_0958,91.047104
TEST_0959,83.2277
TEST_0960,83.35391
TEST_0961,82.88738
TEST_0962,84.58272
TEST_0963,93.79202
TEST_0964,86.75832
TEST_0965,82.966644
TEST_0966,84.24011
TEST_0967,82.866394
TEST_0968,93.24803
TEST_0969,83.21922
TEST_0970,90.87988
TEST_0971,84.955246
TEST_0972,87.515144
TEST_0973,83.24437
TEST_0974,83.66115
TEST_0975,82.83225
TEST_0976,93.50068
TEST_0977,92.30515
TEST_0978,92.13352
TEST_0979,91.39316
TEST_0980,83.10499
TEST_0981,82.47426
TEST_0982,85.04352
TEST_0983,87.396835
TEST_0984,91.742584
TEST_0985,82.40901
TEST_0986,83.84642
TEST_0987,87.29745
TEST_0988,83.09649
TEST_0989,86.32613
TEST_0990,86.77008
TEST_0991,85.16435
TEST_0992,82.98697
TEST_0993,82.79028
TEST_0994,82.868866
TEST_0995,82.57403
TEST_0996,86.27046
TEST_0997,91.37122
TEST_0998,86.339325
TEST_0999,89.95119
TEST_1000,87.47556
TEST_1001,86.01733
TEST_1002,92.66305
TEST_1003,83.07072
TEST_1004,89.598434
TEST_1005,85.42536
TEST_1006,83.38164
TEST_1007,83.56935
TEST_1008,82.179245
TEST_1009,93.05462
TEST_1010,84.42577
TEST_1011,86.16597
TEST_1012,93.342415
TEST_1013,91.49058
TEST_1014,84.32458
TEST_1015,92.18634
TEST_1016,85.04854
TEST_1017,83.07693
TEST_1018,92.9955
TEST_1019,84.14511
TEST_1020,93.2775
TEST_1021,82.71451
TEST_1022,90.54051
TEST_1023,83.70337
TEST_1024,82.74471
TEST_1025,90.31783
TEST_1026,93.255936
TEST_1027,90.63003
TEST_1028,83.352875
TEST_1029,89.91889
TEST_1030,83.48067
TEST_1031,82.95674
TEST_1032,88.56291
TEST_1033,88.25181
TEST_1034,90.97829
TEST_1035,83.492386
TEST_1036,84.032684
TEST_1037,84.26384
TEST_1038,83.066956
TEST_1039,85.76939
TEST_1040,91.194
TEST_1041,84.21238
TEST_1042,89.15347
TEST_1043,84.79738
TEST_1044,84.58098
TEST_1045,84.98026
TEST_1046,86.6353
TEST_1047,84.30668
TEST_1048,90.691414
TEST_1049,90.56557
TEST_1050,83.35769
TEST_1051,83.90609
TEST_1052,83.34457
TEST_1053,82.81123
TEST_1054,82.48242
TEST_1055,92.08765
TEST_1056,82.321594
TEST_1057,85.26503
TEST_1058,83.23452
TEST_1059,85.63547
TEST_1060,92.20853
TEST_1061,82.78303
TEST_1062,83.02698
TEST_1063,83.10614
TEST_1064,82.90854
TEST_1065,83.71341
TEST_1066,84.08227
TEST_1067,84.2415
TEST_1068,84.475395
TEST_1069,82.93221
TEST_1070,83.06469
TEST_1071,83.30275
TEST_1072,83.73517
TEST_1073,88.51053
TEST_1074,91.31583
TEST_1075,82.17706
TEST_1076,83.68877
TEST_1077,92.209595
TEST_1078,82.730995
TEST_1079,83.31427
TEST_1080,83.20138
TEST_1081,83.54399
TEST_1082,82.81409
TEST_1083,92.82605
TEST_1084,83.713196
TEST_1085,83.86846
TEST_1086,91.24754
TEST_1087,84.830505
TEST_1088,89.79349
TEST_1089,93.279076
TEST_1090,84.79027
TEST_1091,82.73543
TEST_1092,82.5439
TEST_1093,82.9832
TEST_1094,82.980194
TEST_1095,88.82703
TEST_1096,83.84804
TEST_1097,83.578606
TEST_1098,82.65516
TEST_1099,92.15334
TEST_1100,82.5829
TEST_1101,83.45899
TEST_1102,91.0572
TEST_1103,83.15506
TEST_1104,85.51207
TEST_1105,90.92819
TEST_1106,84.13323
TEST_1107,83.75629
TEST_1108,82.60782
TEST_1109,82.99167
TEST_1110,83.35419
TEST_1111,82.62865
TEST_1112,83.372055
TEST_1113,82.570366
TEST_1114,85.158066
TEST_1115,84.18631
TEST_1116,91.44841
TEST_1117,90.36275
TEST_1118,83.16199
TEST_1119,82.80873
TEST_1120,88.65701
TEST_1121,84.38508
TEST_1122,86.149734
TEST_1123,83.18851
TEST_1124,83.5789
TEST_1125,88.566925
TEST_1126,87.12338
TEST_1127,83.32581
TEST_1128,82.71611
TEST_1129,83.34432
TEST_1130,84.79353
TEST_1131,83.15994
TEST_1132,84.41285
TEST_1133,82.466255
TEST_1134,88.75673
TEST_1135,82.83238
TEST_1136,82.78671
TEST_1137,90.066345
TEST_1138,82.72872
TEST_1139,86.493004
TEST_1140,82.58246
TEST_1141,93.437256
TEST_1142,82.44426
TEST_1143,83.55429
TEST_1144,93.04888
TEST_1145,83.15111
TEST_1146,85.79734
TEST_1147,83.38655
TEST_1148,83.67072
TEST_1149,91.556915
TEST_1150,85.18344
TEST_1151,86.027985
TEST_1152,84.2321
TEST_1153,83.6479
TEST_1154,85.55915
TEST_1155,83.353775
TEST_1156,91.955124
TEST_1157,83.21001
TEST_1158,82.803894
TEST_1159,83.02212
TEST_1160,82.410385
TEST_1161,83.314125
TEST_1162,92.23374
TEST_1163,83.453735
TEST_1164,82.38449
TEST_1165,82.6839
TEST_1166,85.1905
TEST_1167,87.33272
TEST_1168,82.88858
TEST_1169,90.626884
TEST_1170,82.54431
TEST_1171,83.86343
TEST_1172,93.55153
TEST_1173,85.28281
TEST_1174,88.12117
TEST_1175,82.62047
TEST_1176,89.285255
TEST_1177,84.22453
TEST_1178,91.67178
TEST_1179,89.34735
TEST_1180,82.69937
TEST_1181,84.738495
TEST_1182,89.51064
TEST_1183,82.27736
TEST_1184,82.74413
TEST_1185,82.54123
TEST_1186,84.52571
TEST_1187,82.65054
TEST_1188,83.97188
TEST_1189,83.004974
TEST_1190,82.986916
TEST_1191,82.27372
TEST_1192,93.82369
TEST_1193,93.234085
TEST_1194,85.37104
TEST_1195,83.48446
TEST_1196,87.81484
TEST_1197,84.63457
TEST_1198,85.54726
TEST_1199,86.148254
TEST_1200,83.225494
TEST_1201,82.71762
TEST_1202,88.94411
TEST_1203,86.72591
TEST_1204,83.69986
TEST_1205,82.84088
TEST_1206,82.58784
TEST_1207,82.78084
TEST_1208,82.27467
TEST_1209,91.00639
TEST_1210,91.656235
TEST_1211,83.53348
TEST_1212,83.82924
TEST_1213,83.2548
TEST_1214,82.7357
TEST_1215,92.286316
TEST_1216,83.00595
TEST_1217,83.15129
TEST_1218,84.606476
TEST_1219,82.59209
TEST_1220,93.728584
TEST_1221,86.761505
TEST_1222,83.46342
TEST_1223,82.36037
TEST_1224,92.39286
TEST_1225,83.66087
TEST_1226,82.32924
TEST_1227,83.65874
TEST_1228,82.64332
TEST_1229,83.92998
TEST_1230,90.10195
TEST_1231,85.15729
TEST_1232,83.19328
TEST_1233,84.54152
TEST_1234,83.60155
TEST_1235,82.43558
TEST_1236,83.261734
TEST_1237,84.1174
TEST_1238,84.11229
TEST_1239,90.57144
TEST_1240,86.49773
TEST_1241,84.69181
TEST_1242,83.92641
TEST_1243,84.06394
TEST_1244,82.46088
TEST_1245,82.70888
TEST_1246,92.81648
TEST_1247,84.16696
TEST_1248,92.15703
TEST_1249,87.176025
TEST_1250,83.6871
TEST_1251,83.686035
TEST_1252,83.49931
TEST_1253,92.754944
TEST_1254,89.773224
TEST_1255,93.0355
TEST_1256,82.61505
TEST_1257,91.45056
TEST_1258,91.25757
TEST_1259,83.32832
TEST_1260,82.98686
TEST_1261,84.21735
TEST_1262,82.57937
TEST_1263,85.29398
TEST_1264,82.82402
TEST_1265,90.563034
TEST_1266,82.68623
TEST_1267,82.94601
TEST_1268,83.94144
TEST_1269,82.1724
TEST_1270,91.258194
TEST_1271,82.958916
TEST_1272,83.20218
TEST_1273,81.93652
TEST_1274,89.21265
TEST_1275,86.52775
TEST_1276,83.79258
TEST_1277,90.082214
TEST_1278,83.38321
TEST_1279,82.90233
TEST_1280,82.241585
TEST_1281,82.646034
TEST_1282,88.42792
TEST_1283,82.83434
TEST_1284,83.639046
TEST_1285,82.092316
TEST_1286,82.37065
TEST_1287,93.75467
TEST_1288,82.82042
TEST_1289,82.27627
TEST_1290,83.753815
TEST_1291,83.688835
TEST_1292,82.5771
TEST_1293,83.45459
TEST_1294,83.22653
TEST_1295,87.96301
TEST_1296,83.55492
TEST_1297,82.841774
TEST_1298,83.29989
TEST_1299,92.986176
TEST_1300,84.25846
TEST_1301,83.511185
TEST_1302,83.55423
TEST_1303,82.87158
TEST_1304,85.85874
TEST_1305,82.599625
TEST_1306,83.0733
TEST_1307,82.78075
TEST_1308,88.16497
TEST_1309,91.784355
TEST_1310,82.778046
TEST_1311,82.64524
TEST_1312,83.52536
TEST_1313,83.14763
TEST_1314,85.35441
TEST_1315,82.350845
TEST_1316,84.14993
TEST_1317,82.226135
TEST_1318,90.287834
TEST_1319,82.91214
TEST_1320,84.04408
TEST_1321,91.497536
TEST_1322,82.98523
TEST_1323,82.10993
TEST_1324,90.63261
TEST_1325,82.77765
TEST_1326,84.20027
TEST_1327,92.10681
TEST_1328,83.828606
TEST_1329,85.84819
TEST_1330,82.369225
TEST_1331,92.224625
TEST_1332,83.95334
TEST_1333,82.57831
TEST_1334,83.345055
TEST_1335,91.88867
TEST_1336,82.30168
TEST_1337,84.70827
TEST_1338,82.58705
TEST_1339,87.45027
TEST_1340,82.84354
TEST_1341,83.44257
TEST_1342,83.585464
TEST_1343,93.61123
TEST_1344,82.485985
TEST_1345,82.696976
TEST_1346,93.33654
TEST_1347,88.30452
TEST_1348,89.39665
TEST_1349,85.49219
TEST_1350,82.492905
TEST_1351,84.35892
TEST_1352,83.24664
TEST_1353,84.322075
TEST_1354,85.2079
TEST_1355,83.44766
TEST_1356,82.88127
TEST_1357,83.7619
TEST_1358,82.66301
TEST_1359,83.21056
TEST_1360,90.842026
TEST_1361,92.07918
TEST_1362,91.71229
TEST_1363,91.64523
TEST_1364,84.19457
TEST_1365,84.014786
TEST_1366,82.95572
TEST_1367,83.21808
TEST_1368,82.53592
TEST_1369,82.11601
TEST_1370,92.00729
TEST_1371,83.18213
TEST_1372,84.48431
TEST_1373,82.908455
TEST_1374,92.785645
TEST_1375,87.32427
TEST_1376,83.178734
TEST_1377,91.738045
TEST_1378,89.57614
TEST_1379,85.815414
TEST_1380,92.61485
TEST_1381,92.56477
TEST_1382,83.61794
TEST_1383,83.22812
TEST_1384,82.55801
TEST_1385,84.00799
TEST_1386,86.23389
TEST_1387,82.847595
TEST_1388,85.881195
TEST_1389,84.18851
TEST_1390,83.795456
TEST_1391,84.1336
TEST_1392,84.3492
TEST_1393,82.44014
TEST_1394,92.93588
TEST_1395,82.68859
TEST_1396,83.14137
TEST_1397,84.695404
TEST_1398,82.56774
TEST_1399,82.9541
TEST_1400,94.01699
TEST_1401,83.04589
TEST_1402,82.916885
TEST_1403,82.67833
TEST_1404,82.530655
TEST_1405,83.14631
TEST_1406,86.99048
TEST_1407,82.69104
TEST_1408,90.98085
TEST_1409,82.794785
TEST_1410,82.873924
TEST_1411,83.54818
TEST_1412,82.94284
TEST_1413,83.39845
TEST_1414,87.92603
TEST_1415,83.43395
TEST_1416,84.16878
TEST_1417,84.395485
TEST_1418,83.26416
TEST_1419,83.0392
TEST_1420,82.801216
TEST_1421,84.87938
TEST_1422,83.44348
TEST_1423,82.336044
TEST_1424,83.61185
TEST_1425,82.19287
TEST_1426,82.138115
TEST_1427,92.26893
TEST_1428,82.863396
TEST_1429,91.77071
TEST_1430,82.715775
TEST_1431,83.0762
TEST_1432,87.54527
TEST_1433,83.331505
TEST_1434,83.51257
TEST_1435,88.85537
TEST_1436,83.982956
TEST_1437,82.59172
TEST_1438,84.51892
TEST_1439,91.25031
TEST_1440,86.50566
TEST_1441,83.47958
TEST_1442,83.64708
TEST_1443,91.120705
TEST_1444,90.008995
TEST_1445,86.53128
TEST_1446,91.40187
TEST_1447,82.83538
TEST_1448,82.81637
TEST_1449,82.57838
TEST_1450,89.1277
TEST_1451,84.77318
TEST_1452,82.18273
TEST_1453,83.33476
TEST_1454,83.27637
TEST_1455,82.2187
TEST_1456,82.82297
TEST_1457,82.72621
TEST_1458,83.75539
TEST_1459,83.46976
TEST_1460,83.40558
TEST_1461,84.28189
TEST_1462,83.793304
TEST_1463,84.60645
TEST_1464,83.24736
TEST_1465,83.91091
TEST_1466,89.767334
TEST_1467,83.261154
TEST_1468,82.37584
TEST_1469,84.90538
TEST_1470,83.07051
TEST_1471,82.51818
TEST_1472,83.19111
TEST_1473,83.17883
TEST_1474,83.19031
TEST_1475,88.82987
TEST_1476,83.591034
TEST_1477,84.08168
TEST_1478,91.81627
TEST_1479,83.61685
TEST_1480,87.411446
TEST_1481,82.348335
TEST_1482,84.40896
TEST_1483,87.03665
TEST_1484,82.69237
TEST_1485,93.47681
TEST_1486,93.35652
TEST_1487,90.225555
TEST_1488,83.85904
TEST_1489,82.585335
TEST_1490,82.45265
TEST_1491,83.51202
TEST_1492,83.529076
TEST_1493,83.55933
TEST_1494,92.94588
TEST_1495,93.31269
TEST_1496,82.82775
TEST_1497,82.35785
TEST_1498,82.356766
TEST_1499,83.75853
TEST_1500,84.07371
TEST_1501,84.11319
TEST_1502,91.72956
TEST_1503,88.31683
TEST_1504,85.956406
TEST_1505,82.39827
TEST_1506,82.99199
TEST_1507,87.559906
TEST_1508,82.76203
TEST_1509,84.58939
TEST_1510,91.999054
TEST_1511,83.20108
TEST_1512,91.81622
TEST_1513,82.26337
TEST_1514,83.85018
TEST_1515,84.05056
TEST_1516,82.54826
TEST_1517,93.07924
TEST_1518,83.63484
TEST_1519,83.51045
TEST_1520,83.830505
TEST_1521,91.19014
TEST_1522,89.63728
TEST_1523,83.79794
TEST_1524,83.163055
TEST_1525,84.74181
TEST_1526,83.75717
TEST_1527,83.46643
TEST_1528,93.04188
TEST_1529,92.03366
TEST_1530,92.75865
TEST_1531,86.55104
TEST_1532,87.021675
TEST_1533,85.93613
TEST_1534,84.335686
TEST_1535,84.10679
TEST_1536,91.31593
TEST_1537,84.308365
TEST_1538,82.964294
TEST_1539,83.57148
TEST_1540,83.01773
TEST_1541,85.830765
TEST_1542,82.85135
TEST_1543,86.269905
TEST_1544,84.21886
TEST_1545,92.3168
TEST_1546,82.81497
TEST_1547,82.57509
TEST_1548,83.98207
TEST_1549,88.348595
TEST_1550,91.03349
TEST_1551,82.53648
TEST_1552,82.65821
TEST_1553,82.99611
TEST_1554,82.25571
TEST_1555,82.839355
TEST_1556,84.56505
TEST_1557,92.13792
TEST_1558,82.90229
TEST_1559,82.97418
TEST_1560,82.736824
TEST_1561,83.35178
TEST_1562,82.74527
TEST_1563,82.15056
TEST_1564,84.016624
TEST_1565,90.23749
TEST_1566,83.09506
TEST_1567,83.358086
TEST_1568,90.91377
TEST_1569,83.87839
TEST_1570,82.44164
TEST_1571,83.41735
TEST_1572,83.14432
TEST_1573,84.4307
TEST_1574,91.67227
TEST_1575,91.060135
TEST_1576,83.30655
TEST_1577,84.004654
TEST_1578,82.67325
TEST_1579,82.230225
TEST_1580,83.09787
TEST_1581,83.18978
TEST_1582,83.47133
TEST_1583,84.37835
TEST_1584,83.101166
TEST_1585,82.589096
TEST_1586,82.724365
TEST_1587,86.2197
TEST_1588,83.708084
TEST_1589,83.079605
TEST_1590,84.79375
TEST_1591,83.34222
TEST_1592,91.635605
TEST_1593,92.68541
TEST_1594,84.687614
TEST_1595,92.32774
TEST_1596,89.61908
TEST_1597,93.425934
TEST_1598,93.08186
TEST_1599,92.51645
TEST_1600,83.81613
TEST_1601,84.13638
TEST_1602,83.047554
TEST_1603,84.467926
TEST_1604,85.871216
TEST_1605,87.084984
TEST_1606,85.88756
TEST_1607,83.9569
TEST_1608,84.01073
TEST_1609,93.21225
TEST_1610,92.1876
TEST_1611,84.90796
TEST_1612,82.50473
TEST_1613,84.19738
TEST_1614,82.56255
TEST_1615,82.62842
TEST_1616,84.0421
TEST_1617,90.20997
TEST_1618,83.463936
TEST_1619,83.73215
TEST_1620,83.71492
TEST_1621,92.45638
TEST_1622,82.94481
TEST_1623,84.690216
TEST_1624,83.17741
TEST_1625,82.75301
TEST_1626,89.19701
TEST_1627,82.20127
TEST_1628,84.15947
TEST_1629,89.154434
TEST_1630,90.70467
TEST_1631,85.243225
TEST_1632,82.851616
TEST_1633,88.515945
TEST_1634,90.90818
TEST_1635,82.74088
TEST_1636,88.67286
TEST_1637,82.582214
TEST_1638,85.36022
TEST_1639,83.25365
TEST_1640,86.9025
TEST_1641,82.692474
TEST_1642,82.3414
TEST_1643,83.675255
TEST_1644,84.23781
TEST_1645,92.31128
TEST_1646,82.66352
TEST_1647,82.41084
TEST_1648,85.654755
TEST_1649,85.31343
TEST_1650,92.99823
TEST_1651,86.61956
TEST_1652,82.530945
TEST_1653,92.64833
TEST_1654,83.419525
TEST_1655,83.45756
TEST_1656,84.4408
TEST_1657,84.49038
TEST_1658,82.625244
TEST_1659,91.07898
TEST_1660,84.01213
TEST_1661,93.8015
TEST_1662,85.50347
TEST_1663,83.008156
TEST_1664,82.87443
TEST_1665,83.89481
TEST_1666,82.93406
TEST_1667,82.36732
TEST_1668,90.47482
TEST_1669,90.78012
TEST_1670,85.22899
TEST_1671,87.08901
TEST_1672,82.81883
TEST_1673,85.31134
TEST_1674,82.69275
TEST_1675,85.69576
TEST_1676,88.42294
TEST_1677,82.54484
TEST_1678,84.074646
TEST_1679,86.91009
TEST_1680,92.68085
TEST_1681,83.23125
TEST_1682,83.69819
TEST_1683,83.100006
TEST_1684,82.505
TEST_1685,82.31472
TEST_1686,86.15413
TEST_1687,82.71849
TEST_1688,83.04549
TEST_1689,84.97481
TEST_1690,91.9482
TEST_1691,83.04779
TEST_1692,82.899254
TEST_1693,90.87926
TEST_1694,89.474655
TEST_1695,88.46699
TEST_1696,83.071884
TEST_1697,82.30345
TEST_1698,84.48012
TEST_1699,83.20023
TEST_1700,83.677826
TEST_1701,83.145485
TEST_1702,91.57486
TEST_1703,82.719955
TEST_1704,86.193954
TEST_1705,83.33212
TEST_1706,91.63832
TEST_1707,82.59851
TEST_1708,91.26276
TEST_1709,83.168106
TEST_1710,82.7126
TEST_1711,84.790375
TEST_1712,84.82725
TEST_1713,83.91024
TEST_1714,82.96391
TEST_1715,85.21099
TEST_1716,90.921234
TEST_1717,82.52762
TEST_1718,86.148026
TEST_1719,83.5568
TEST_1720,83.14041
TEST_1721,92.9682
TEST_1722,84.217926
TEST_1723,82.38017
TEST_1724,83.9285
TEST_1725,82.90887
TEST_1726,84.3071
TEST_1727,82.28643
TEST_1728,84.07733
TEST_1729,82.98083
TEST_1730,82.74126
TEST_1731,91.52819
TEST_1732,83.67825
TEST_1733,84.77507
TEST_1734,85.64264
TEST_1735,83.43015
TEST_1736,82.43233
TEST_1737,90.97771
TEST_1738,84.22277
TEST_1739,82.89962
TEST_1740,83.729004
TEST_1741,83.30072
TEST_1742,82.98323
TEST_1743,82.48134
TEST_1744,87.96756
TEST_1745,82.979706
TEST_1746,91.63495
TEST_1747,84.59772
TEST_1748,83.64114
TEST_1749,84.54056
TEST_1750,82.742004
TEST_1751,93.07763
TEST_1752,84.79716
TEST_1753,83.01172
TEST_1754,83.14429
TEST_1755,92.23312
TEST_1756,83.60638
TEST_1757,82.91105
TEST_1758,82.89011
TEST_1759,82.94986
TEST_1760,83.28888
TEST_1761,82.6113
TEST_1762,86.7531
TEST_1763,82.84639
TEST_1764,82.47049
TEST_1765,85.45292
TEST_1766,83.3072
TEST_1767,84.8228
TEST_1768,84.04756
TEST_1769,83.91322
TEST_1770,82.99234
TEST_1771,83.226944
TEST_1772,84.79486
TEST_1773,82.8224
TEST_1774,90.71409
TEST_1775,93.63052
TEST_1776,82.84691
TEST_1777,84.225555
TEST_1778,82.6333
TEST_1779,84.92701
TEST_1780,91.59413
TEST_1781,83.91812
TEST_1782,90.85544
TEST_1783,82.47127
TEST_1784,84.41871
TEST_1785,86.32193
TEST_1786,82.35429
TEST_1787,83.626335
TEST_1788,93.447586
TEST_1789,82.59654
TEST_1790,83.88274
TEST_1791,82.475174
TEST_1792,91.61247
TEST_1793,91.39679
TEST_1794,85.69938
TEST_1795,83.02703
TEST_1796,84.79971
TEST_1797,84.17907
TEST_1798,83.67996
TEST_1799,82.829865
TEST_1800,84.41304
TEST_1801,87.28943
TEST_1802,82.80178
TEST_1803,91.75165
TEST_1804,83.488785
TEST_1805,88.71689
TEST_1806,84.329575
TEST_1807,82.451935
TEST_1808,84.30969
TEST_1809,83.29633
TEST_1810,83.52342
TEST_1811,83.123825
TEST_1812,93.65286
TEST_1813,83.35121
TEST_1814,83.23623
TEST_1815,83.33597
TEST_1816,92.09735
TEST_1817,84.219315
TEST_1818,92.65555
TEST_1819,84.82314
TEST_1820,83.079956
TEST_1821,83.135155
TEST_1822,82.896126
TEST_1823,82.68431
TEST_1824,85.6492
TEST_1825,82.89375
TEST_1826,82.6037
TEST_1827,82.77934
TEST_1828,84.708015
TEST_1829,83.81195
TEST_1830,82.84485
TEST_1831,93.63564
TEST_1832,84.70915
TEST_1833,82.27258
TEST_1834,86.93208
TEST_1835,84.81291
TEST_1836,88.00447
TEST_1837,85.32242
TEST_1838,82.190575
TEST_1839,91.96305
TEST_1840,83.1785
TEST_1841,93.03914
TEST_1842,90.936905
TEST_1843,93.97863
TEST_1844,85.40602
TEST_1845,83.032
TEST_1846,84.181274
TEST_1847,83.19155
TEST_1848,82.24025
TEST_1849,84.20688
TEST_1850,92.43428
TEST_1851,82.971565
TEST_1852,86.56982
TEST_1853,92.34519
TEST_1854,82.48821
TEST_1855,85.34436
TEST_1856,82.732285
TEST_1857,86.23773
TEST_1858,83.2672
TEST_1859,82.557785
TEST_1860,90.76349
TEST_1861,82.49942
TEST_1862,82.82482
TEST_1863,82.593414
TEST_1864,86.077156
TEST_1865,84.03046
TEST_1866,85.69539
TEST_1867,84.24847
TEST_1868,83.12071
TEST_1869,82.43283
TEST_1870,85.30229
TEST_1871,92.74608
TEST_1872,84.79367
TEST_1873,83.03597
TEST_1874,82.652756
TEST_1875,86.06248
TEST_1876,91.56116
TEST_1877,85.48858
TEST_1878,82.99379
TEST_1879,82.067764
TEST_1880,82.41568
TEST_1881,91.09665
TEST_1882,82.59072
TEST_1883,84.59886
TEST_1884,82.507355
TEST_1885,84.00374
TEST_1886,91.26632
TEST_1887,82.76475
TEST_1888,82.97279
TEST_1889,84.15299
TEST_1890,84.89815
TEST_1891,86.157394
TEST_1892,82.56027
TEST_1893,82.482346
TEST_1894,86.66568
TEST_1895,83.07703
TEST_1896,82.700386
TEST_1897,83.573135
TEST_1898,93.36692
TEST_1899,88.12375
TEST_1900,82.8621
TEST_1901,82.755554
TEST_1902,84.603485
TEST_1903,86.30846
TEST_1904,91.35704
TEST_1905,85.06785
TEST_1906,85.93181
TEST_1907,83.79061
TEST_1908,82.25258
TEST_1909,92.069916
TEST_1910,82.94772
TEST_1911,90.46155
TEST_1912,84.03218
TEST_1913,82.8772
TEST_1914,83.0373
TEST_1915,83.76882
TEST_1916,83.82072
TEST_1917,93.27054
TEST_1918,82.26001
TEST_1919,83.34943
TEST_1920,82.57197
TEST_1921,83.35062
TEST_1922,82.63132
TEST_1923,83.16095
TEST_1924,82.68617
TEST_1925,86.252914
TEST_1926,87.82396
TEST_1927,89.80346
TEST_1928,92.457184
TEST_1929,86.55092
TEST_1930,82.85257
TEST_1931,86.80837
TEST_1932,92.71011
TEST_1933,90.00218
TEST_1934,82.78696
TEST_1935,82.62881
TEST_1936,89.759544
TEST_1937,83.07286
TEST_1938,87.89278
TEST_1939,82.431404
TEST_1940,83.526276
TEST_1941,82.69466
TEST_1942,83.18301
TEST_1943,82.68419
TEST_1944,91.54763
TEST_1945,85.7245
TEST_1946,92.99858
TEST_1947,91.70215
TEST_1948,82.17601
TEST_1949,92.347
TEST_1950,82.8812
TEST_1951,86.94939
TEST_1952,82.83214
TEST_1953,82.448204
TEST_1954,83.74184
TEST_1955,83.70073
TEST_1956,83.95111
TEST_1957,86.84891
TEST_1958,92.71239
TEST_1959,83.742195
TEST_1960,82.76843
TEST_1961,84.31594
TEST_1962,83.032425
TEST_1963,83.94072
TEST_1964,86.301384
TEST_1965,82.846115
TEST_1966,91.99273
TEST_1967,82.76413
TEST_1968,83.225945
TEST_1969,90.35309
TEST_1970,93.38002
TEST_1971,83.63679
TEST_1972,85.33383
TEST_1973,92.82251
TEST_1974,82.41033
TEST_1975,82.81613
TEST_1976,92.20773
TEST_1977,82.62206
TEST_1978,92.0304
TEST_1979,83.39282
TEST_1980,82.17694
TEST_1981,83.94733
TEST_1982,84.41737
TEST_1983,91.37274
TEST_1984,82.58475
TEST_1985,82.707375
TEST_1986,83.11183
TEST_1987,89.10134
TEST_1988,84.670364
TEST_1989,83.040924
TEST_1990,92.15469
TEST_1991,89.36337
TEST_1992,82.94988
TEST_1993,82.51952
TEST_1994,82.811295
TEST_1995,82.97309
TEST_1996,83.807144
TEST_1997,90.453514
TEST_1998,83.469475
TEST_1999,92.85312
TEST_2000,92.0766
TEST_2001,91.35687
TEST_2002,83.0479
TEST_2003,93.60977
TEST_2004,82.848145
TEST_2005,82.640854
TEST_2006,83.46224
TEST_2007,83.9738
TEST_2008,83.41196
TEST_2009,82.49247
TEST_2010,82.49529
TEST_2011,83.61013
TEST_2012,82.71937
TEST_2013,82.71135
TEST_2014,92.56352
TEST_2015,91.28464
TEST_2016,94.09194
TEST_2017,82.686195
TEST_2018,82.878525
TEST_2019,91.25201
TEST_2020,82.863846
TEST_2021,83.86982
TEST_2022,84.21635
TEST_2023,91.30786
TEST_2024,88.049416
TEST_2025,83.76041
TEST_2026,82.95239
TEST_2027,84.84306
TEST_2028,82.93554
TEST_2029,84.1744
TEST_2030,83.49563
TEST_2031,83.89041
TEST_2032,83.41517
TEST_2033,85.626595
TEST_2034,90.24962
TEST_2035,91.530495
TEST_2036,92.50045
TEST_2037,82.75634
TEST_2038,82.64847
TEST_2039,83.4635
TEST_2040,83.584595
TEST_2041,91.80646
TEST_2042,82.59653
TEST_2043,83.06443
TEST_2044,82.65357
TEST_2045,82.529175
TEST_2046,84.086044
TEST_2047,83.274994
TEST_2048,83.67395
TEST_2049,82.819824
TEST_2050,82.860756
TEST_2051,82.781876
TEST_2052,84.9255
TEST_2053,83.55856
TEST_2054,82.359344
TEST_2055,83.249176
TEST_2056,91.47302
TEST_2057,83.71623
TEST_2058,92.62027
TEST_2059,82.60574
TEST_2060,92.464195
TEST_2061,82.558914
TEST_2062,83.64752
TEST_2063,82.37256
TEST_2064,92.084305
TEST_2065,85.24351
TEST_2066,82.74643
TEST_2067,91.467674
TEST_2068,93.73605
TEST_2069,91.350266
TEST_2070,84.68034
TEST_2071,87.11812
TEST_2072,82.820656
TEST_2073,90.2336
TEST_2074,83.56242
TEST_2075,82.875305
TEST_2076,82.72139
TEST_2077,85.53769
TEST_2078,83.73151
TEST_2079,93.38463
TEST_2080,82.1066
TEST_2081,83.56966
TEST_2082,90.85922
TEST_2083,83.66019
TEST_2084,90.41278
TEST_2085,84.05467
TEST_2086,84.12175
TEST_2087,82.73652
TEST_2088,83.97043
TEST_2089,82.65927
TEST_2090,83.12746
TEST_2091,83.097916
TEST_2092,90.66232
TEST_2093,91.77788
TEST_2094,88.942406
TEST_2095,87.47725
TEST_2096,82.6865
TEST_2097,83.28662
TEST_2098,82.64275
TEST_2099,83.696175
TEST_2100,83.52352
TEST_2101,82.64859
TEST_2102,82.57693
TEST_2103,93.65701
TEST_2104,84.43573
TEST_2105,82.6922
TEST_2106,82.38689
TEST_2107,83.51692
TEST_2108,93.166046
TEST_2109,86.003365
TEST_2110,82.32726
TEST_2111,87.43857
TEST_2112,91.051895
TEST_2113,84.32707
TEST_2114,82.814575
TEST_2115,83.66397
TEST_2116,82.93064
TEST_2117,83.00742
TEST_2118,83.00934
TEST_2119,85.6229
TEST_2120,83.07084
TEST_2121,83.11579
TEST_2122,83.12475
TEST_2123,82.790054
TEST_2124,88.503784
TEST_2125,92.50621
TEST_2126,91.25104
TEST_2127,83.32081
TEST_2128,93.25405
TEST_2129,83.26867
TEST_2130,84.38519
TEST_2131,82.75487
TEST_2132,82.72183
TEST_2133,82.50776
TEST_2134,83.219986
TEST_2135,82.45447
TEST_2136,82.66298
TEST_2137,86.420204
TEST_2138,86.90848
TEST_2139,83.08029
TEST_2140,92.28899
TEST_2141,91.29977
TEST_2142,89.943924
TEST_2143,92.66234
TEST_2144,91.61227
TEST_2145,84.583664
TEST_2146,91.77722
TEST_2147,83.857956
TEST_2148,83.998405
TEST_2149,83.528595
TEST_2150,82.67082
TEST_2151,82.83058
TEST_2152,82.4777
TEST_2153,82.45488
TEST_2154,82.75737
TEST_2155,82.78555
TEST_2156,84.49881
TEST_2157,89.89528
TEST_2158,82.65239
TEST_2159,85.76564
TEST_2160,83.52825
TEST_2161,83.73243
TEST_2162,84.72061
TEST_2163,82.51592
TEST_2164,83.897224
TEST_2165,91.391235
TEST_2166,83.01701
TEST_2167,85.1915
TEST_2168,84.29219
TEST_2169,93.11577
TEST_2170,83.747025
TEST_2171,82.80382
TEST_2172,84.90486
TEST_2173,93.52206
TEST_2174,90.857544
TEST_2175,83.99248
TEST_2176,83.19362
TEST_2177,82.47652
TEST_2178,82.94287
TEST_2179,83.27114
TEST_2180,83.93004
TEST_2181,82.50835
TEST_2182,86.77134
TEST_2183,82.608475
TEST_2184,85.00485
TEST_2185,83.74214
TEST_2186,85.407135
TEST_2187,85.025764
TEST_2188,89.79619
TEST_2189,88.09741
TEST_2190,84.85655
TEST_2191,89.836266
TEST_2192,85.053764
TEST_2193,82.70444
TEST_2194,82.67726
TEST_2195,85.50788
TEST_2196,83.09207
TEST_2197,83.43145
TEST_2198,83.750984
TEST_2199,83.18315
TEST_2200,82.57514
TEST_2201,82.42911
TEST_2202,84.47342
TEST_2203,82.56772
TEST_2204,92.47834
TEST_2205,84.440384
TEST_2206,90.08584
TEST_2207,87.63513
TEST_2208,82.95415
TEST_2209,82.6943
TEST_2210,82.99223
TEST_2211,86.16909
TEST_2212,85.82565
TEST_2213,82.573715
TEST_2214,82.760895
TEST_2215,88.153046
TEST_2216,83.269714
TEST_2217,83.470085
TEST_2218,84.39894
TEST_2219,84.13617
TEST_2220,92.009415
TEST_2221,82.777336
TEST_2222,82.460884
TEST_2223,82.34282
TEST_2224,83.092865
TEST_2225,82.54899
TEST_2226,83.07159
TEST_2227,89.39093
TEST_2228,83.48059
TEST_2229,92.209854
TEST_2230,84.03422
TEST_2231,92.71992
TEST_2232,82.29141
TEST_2233,83.47613
TEST_2234,83.19124
TEST_2235,92.19603
TEST_2236,82.68577
TEST_2237,85.21611
TEST_2238,83.49135
TEST_2239,91.52881
TEST_2240,84.93019
TEST_2241,89.81102
TEST_2242,90.407166
TEST_2243,83.18576
TEST_2244,83.241104
TEST_2245,84.456245
TEST_2246,82.996346
TEST_2247,82.07826
TEST_2248,82.68228
TEST_2249,92.32039
TEST_2250,84.28404
TEST_2251,92.88429
TEST_2252,82.78496
TEST_2253,89.967224
TEST_2254,83.75861
TEST_2255,92.404976
TEST_2256,93.51115
TEST_2257,91.71347
TEST_2258,82.531845
TEST_2259,89.60589
TEST_2260,92.69328
TEST_2261,83.389694
TEST_2262,90.99725
TEST_2263,83.28115
TEST_2264,92.56877
TEST_2265,82.37685
TEST_2266,83.08327
TEST_2267,83.24933
TEST_2268,86.075806
TEST_2269,91.07652
TEST_2270,84.57802
TEST_2271,83.67528
TEST_2272,82.2739
TEST_2273,82.459564
TEST_2274,87.459946
TEST_2275,91.85848
TEST_2276,82.94316
TEST_2277,87.449936
TEST_2278,91.485565
TEST_2279,88.66962
TEST_2280,83.14633
TEST_2281,82.252
TEST_2282,83.744194
TEST_2283,82.7574
TEST_2284,83.56036
TEST_2285,93.25595
TEST_2286,84.33627
TEST_2287,93.78516
TEST_2288,84.012314
TEST_2289,82.85043
TEST_2290,83.22291
TEST_2291,85.61247
TEST_2292,92.63663
TEST_2293,82.68071
TEST_2294,82.795074
TEST_2295,83.319534
TEST_2296,82.35475
TEST_2297,89.47081
TEST_2298,82.99354
TEST_2299,87.62738
TEST_2300,90.40779
TEST_2301,86.7272
TEST_2302,82.767845
TEST_2303,83.07783
TEST_2304,84.62323
TEST_2305,83.56274
TEST_2306,82.34395
TEST_2307,83.31431
TEST_2308,83.77698
TEST_2309,83.01346
TEST_2310,83.41499
TEST_2311,84.85755
TEST_2312,82.540375
TEST_2313,82.71091
TEST_2314,82.72442
TEST_2315,92.690445
TEST_2316,82.511444
TEST_2317,82.26604
TEST_2318,82.502205
TEST_2319,82.236435
TEST_2320,82.960014
TEST_2321,83.396835
TEST_2322,82.38119
TEST_2323,84.6254
TEST_2324,82.07469
TEST_2325,83.9478
TEST_2326,90.71152
TEST_2327,83.22309
TEST_2328,90.151955
TEST_2329,83.47481
TEST_2330,83.699036
TEST_2331,93.00511
TEST_2332,94.01524
TEST_2333,82.93994
TEST_2334,85.413475
TEST_2335,83.97447
TEST_2336,86.07971
TEST_2337,83.461
TEST_2338,82.47644
TEST_2339,83.25293
TEST_2340,82.62802
TEST_2341,83.90988
TEST_2342,85.79004
TEST_2343,83.15716
TEST_2344,82.593704
TEST_2345,91.85791
TEST_2346,82.81966
TEST_2347,82.31917
TEST_2348,82.844025
TEST_2349,83.34773
TEST_2350,87.89495
TEST_2351,91.64644
TEST_2352,83.345436
TEST_2353,91.41437
TEST_2354,83.902084
TEST_2355,85.57439
TEST_2356,82.42821
TEST_2357,83.244446
TEST_2358,83.98337
TEST_2359,82.75256
TEST_2360,85.35405
TEST_2361,82.528076
TEST_2362,83.11459
TEST_2363,88.549545
TEST_2364,82.458145
TEST_2365,91.00453
TEST_2366,82.410286
TEST_2367,89.741974
TEST_2368,82.578
TEST_2369,83.22874
TEST_2370,88.72143
TEST_2371,82.9413
TEST_2372,89.703865
TEST_2373,91.5035
TEST_2374,86.611
TEST_2375,83.26921
TEST_2376,84.62926
TEST_2377,90.890656
TEST_2378,85.14336
TEST_2379,85.12758
TEST_2380,84.55719
TEST_2381,92.77698
TEST_2382,82.91968
TEST_2383,82.55766
TEST_2384,82.61053
TEST_2385,82.60466
TEST_2386,92.77085
TEST_2387,82.65348
TEST_2388,85.884476
TEST_2389,82.85598
TEST_2390,82.84355
TEST_2391,91.2725
TEST_2392,85.97972
TEST_2393,93.16063
TEST_2394,91.81461
TEST_2395,92.71275
TEST_2396,82.78747
TEST_2397,83.02312
TEST_2398,92.62623
TEST_2399,84.878174
TEST_2400,82.73299
TEST_2401,87.12007
TEST_2402,86.475586
TEST_2403,93.28169
TEST_2404,83.28942
TEST_2405,82.664474
TEST_2406,82.92415
TEST_2407,84.62045
TEST_2408,83.45595
TEST_2409,82.630035
TEST_2410,89.565796
TEST_2411,84.54045
TEST_2412,91.34218
TEST_2413,82.986176
TEST_2414,84.91572
TEST_2415,83.79137
TEST_2416,82.3539
TEST_2417,84.41315
TEST_2418,92.38432
TEST_2419,82.94495
TEST_2420,85.48411
TEST_2421,82.2383
TEST_2422,83.053276
TEST_2423,83.99671
TEST_2424,92.24966
TEST_2425,82.67325
TEST_2426,91.50528
TEST_2427,87.270195
TEST_2428,84.891655
TEST_2429,93.476944
TEST_2430,84.81642
TEST_2431,84.784195
TEST_2432,93.18768
TEST_2433,93.13261
TEST_2434,82.33089
TEST_2435,82.84648
TEST_2436,83.16126
TEST_2437,91.364746
TEST_2438,82.09899
TEST_2439,84.58397
TEST_2440,82.49213
TEST_2441,82.80107
TEST_2442,83.11835
TEST_2443,82.67155
TEST_2444,92.024185
TEST_2445,85.44548
TEST_2446,85.38577
TEST_2447,82.67203
TEST_2448,82.619934
TEST_2449,83.67108
TEST_2450,83.210464
TEST_2451,91.442024
TEST_2452,82.20324
TEST_2453,84.28477
TEST_2454,82.51691
TEST_2455,82.41698
TEST_2456,82.14345
TEST_2457,84.080536
TEST_2458,82.13181
TEST_2459,83.57764
TEST_2460,83.28116
TEST_2461,83.14334
TEST_2462,82.21499
TEST_2463,84.7484
TEST_2464,84.71153
TEST_2465,83.10579
TEST_2466,82.78374
TEST_2467,92.30002
TEST_2468,84.360306
TEST_2469,83.1651
TEST_2470,88.46019
TEST_2471,82.35771
TEST_2472,83.17894
TEST_2473,83.273926
TEST_2474,82.8259
TEST_2475,89.07209
TEST_2476,83.415634
TEST_2477,88.9084
TEST_2478,83.18278
TEST_2479,84.698204
TEST_2480,83.74635
TEST_2481,83.05928
TEST_2482,82.7382
TEST_2483,82.49887
TEST_2484,83.53591
TEST_2485,90.76195
TEST_2486,85.19792
TEST_2487,83.26122
TEST_2488,83.803345
TEST_2489,84.39338
TEST_2490,83.27057
TEST_2491,84.0293
TEST_2492,83.4283
TEST_2493,83.055374
TEST_2494,83.18132
TEST_2495,87.82628
TEST_2496,84.54234
TEST_2497,83.4853
TEST_2498,84.10392
TEST_2499,91.79029
TEST_2500,84.553085
TEST_2501,84.60145
TEST_2502,85.05302
TEST_2503,84.18231
TEST_2504,82.474075
TEST_2505,91.95992
TEST_2506,86.246346
TEST_2507,84.6591
TEST_2508,84.92992
TEST_2509,83.05986
TEST_2510,90.911736
TEST_2511,84.28462
TEST_2512,82.43182
TEST_2513,82.88659
TEST_2514,82.726204
TEST_2515,82.45408
TEST_2516,82.587555
TEST_2517,83.31319
TEST_2518,83.38535
TEST_2519,82.78769
TEST_2520,86.8382
TEST_2521,85.246315
TEST_2522,84.18171
TEST_2523,82.50296
TEST_2524,82.34392
TEST_2525,85.673035
TEST_2526,82.86879
TEST_2527,83.291145
TEST_2528,87.84604
TEST_2529,86.77173
TEST_2530,84.128075
TEST_2531,90.80742
TEST_2532,87.753716
TEST_2533,83.373795
TEST_2534,83.28908
TEST_2535,82.633545
TEST_2536,82.33764
TEST_2537,82.6127
TEST_2538,91.878654
TEST_2539,85.23485
TEST_2540,92.79129
TEST_2541,85.7974
TEST_2542,84.91594
TEST_2543,93.3725
TEST_2544,83.11478
TEST_2545,82.68189
TEST_2546,84.01602
TEST_2547,92.219055
TEST_2548,82.20921
TEST_2549,93.16513
TEST_2550,85.31436
TEST_2551,82.66467
TEST_2552,83.15823
TEST_2553,93.40208
TEST_2554,82.87215
TEST_2555,82.6416
TEST_2556,83.76832
TEST_2557,83.81183
TEST_2558,82.5102
TEST_2559,84.05864
TEST_2560,84.6259
TEST_2561,92.9292
TEST_2562,84.991745
TEST_2563,85.3568
TEST_2564,83.6013
TEST_2565,93.01504
TEST_2566,83.77342
TEST_2567,82.739655
TEST_2568,82.907005
TEST_2569,92.5522
TEST_2570,83.040886
TEST_2571,83.79753
TEST_2572,82.55548
TEST_2573,84.58202
TEST_2574,82.858284
TEST_2575,83.89754
TEST_2576,89.82609
TEST_2577,92.053055
TEST_2578,83.17363
TEST_2579,82.28346
TEST_2580,82.43522
TEST_2581,83.715546
TEST_2582,82.82562
TEST_2583,82.45308
TEST_2584,90.797295
TEST_2585,83.33838
TEST_2586,84.968994
TEST_2587,83.73422
TEST_2588,82.3965
TEST_2589,92.432144
TEST_2590,83.68213
TEST_2591,84.69284
TEST_2592,84.07951
TEST_2593,82.39317
TEST_2594,82.99671
TEST_2595,82.55006
TEST_2596,83.63307
TEST_2597,83.34953
TEST_2598,90.738014
TEST_2599,85.22041
TEST_2600,82.4306
TEST_2601,84.10225
TEST_2602,82.86641
TEST_2603,82.30111
TEST_2604,84.69059
TEST_2605,83.96144
TEST_2606,85.79762
TEST_2607,92.36341
TEST_2608,83.68469
TEST_2609,91.60487
TEST_2610,82.67091
TEST_2611,84.227646
TEST_2612,82.14216
TEST_2613,92.003456
TEST_2614,82.75996
TEST_2615,83.87788
TEST_2616,84.05324
TEST_2617,86.24179
TEST_2618,84.51601
TEST_2619,83.276474
TEST_2620,82.76752
TEST_2621,83.217064
TEST_2622,83.6911
TEST_2623,82.47191
TEST_2624,84.70686
TEST_2625,87.30495
TEST_2626,83.258354
TEST_2627,92.0128
TEST_2628,87.87695
TEST_2629,85.579895
TEST_2630,89.879456
TEST_2631,83.33217
TEST_2632,91.68535
TEST_2633,83.25348
TEST_2634,82.82556
TEST_2635,83.48539
TEST_2636,82.74159
TEST_2637,84.44838
TEST_2638,82.47828
TEST_2639,89.671135
TEST_2640,83.187
TEST_2641,85.16555
TEST_2642,82.61505
TEST_2643,82.72637
TEST_2644,83.059204
TEST_2645,82.71498
TEST_2646,82.74338
TEST_2647,82.405754
TEST_2648,88.13992
TEST_2649,83.205734
TEST_2650,82.84333
TEST_2651,83.79028
TEST_2652,82.39613
TEST_2653,82.59307
TEST_2654,89.592896
TEST_2655,83.028534
TEST_2656,83.79829
TEST_2657,82.27639
TEST_2658,92.50612
TEST_2659,83.89532
TEST_2660,82.90715
TEST_2661,82.46164
TEST_2662,92.41971
TEST_2663,83.849884
TEST_2664,84.737686
TEST_2665,84.0748
TEST_2666,83.76018
TEST_2667,82.89232
TEST_2668,82.68972
TEST_2669,85.32463
TEST_2670,83.651146
TEST_2671,85.21602
TEST_2672,83.73229
TEST_2673,83.69682
TEST_2674,84.269714
TEST_2675,85.94038
TEST_2676,82.7957
TEST_2677,84.313446
TEST_2678,91.49246
TEST_2679,92.72771
TEST_2680,84.086586
TEST_2681,85.50031
TEST_2682,92.02652
TEST_2683,87.337494
TEST_2684,91.98005
TEST_2685,83.177
TEST_2686,88.01642
TEST_2687,82.27049
TEST_2688,84.677055
TEST_2689,83.24493
TEST_2690,83.37346
TEST_2691,91.15602
TEST_2692,82.78306
TEST_2693,82.90712
TEST_2694,83.614296
TEST_2695,83.49575
TEST_2696,83.72142
TEST_2697,82.579834
TEST_2698,83.8888
TEST_2699,83.55116
TEST_2700,90.01285
TEST_2701,82.93185
TEST_2702,83.08041
TEST_2703,82.27997
TEST_2704,84.1387
TEST_2705,83.43196
TEST_2706,91.73328
TEST_2707,85.119446
TEST_2708,84.52378
TEST_2709,83.073166
TEST_2710,84.66681
TEST_2711,91.500786
TEST_2712,86.89105
TEST_2713,92.21629
TEST_2714,92.50415
TEST_2715,84.78537
TEST_2716,83.35435
TEST_2717,82.39715
TEST_2718,92.47183
TEST_2719,92.13418
TEST_2720,82.69845
TEST_2721,93.31884
TEST_2722,82.60097
TEST_2723,82.45058
TEST_2724,84.80337
TEST_2725,87.362
TEST_2726,90.202896
TEST_2727,83.637955
TEST_2728,83.30117
TEST_2729,85.97618
TEST_2730,82.79018
TEST_2731,91.49103
TEST_2732,83.395905
TEST_2733,92.54256
TEST_2734,90.67373
TEST_2735,83.537735
TEST_2736,83.02816
TEST_2737,89.950294
TEST_2738,83.32178
TEST_2739,86.22872
TEST_2740,82.32292
TEST_2741,91.0889
TEST_2742,92.860466
TEST_2743,86.17379
TEST_2744,89.86595
TEST_2745,85.22884
TEST_2746,82.21144
TEST_2747,82.56886
TEST_2748,84.05111
TEST_2749,92.99834
TEST_2750,86.81796
TEST_2751,83.23683
TEST_2752,83.49513
TEST_2753,82.92197
TEST_2754,91.93014
TEST_2755,84.49054
TEST_2756,91.18619
TEST_2757,85.790634
TEST_2758,83.93674
TEST_2759,82.31683
TEST_2760,82.45622
TEST_2761,84.353615
TEST_2762,82.910416
TEST_2763,93.10953
TEST_2764,85.591156
TEST_2765,92.49333
TEST_2766,82.29255
TEST_2767,82.53439
TEST_2768,84.54876
TEST_2769,88.68793
TEST_2770,92.78175
TEST_2771,84.09557
TEST_2772,92.101074
TEST_2773,83.225
TEST_2774,83.205444
TEST_2775,87.995476
TEST_2776,83.20127
TEST_2777,88.21711
TEST_2778,82.18469
TEST_2779,82.65385
TEST_2780,82.99963
TEST_2781,87.64618
TEST_2782,82.5842
TEST_2783,83.82651
TEST_2784,89.141495
TEST_2785,85.40637
TEST_2786,90.08898
TEST_2787,85.92001
TEST_2788,93.40436
TEST_2789,83.27295
TEST_2790,88.5192
TEST_2791,82.87941
TEST_2792,84.00316
TEST_2793,86.24286
TEST_2794,83.491554
TEST_2795,82.57831
TEST_2796,83.03729
TEST_2797,83.04637
TEST_2798,82.87334
TEST_2799,83.35452
TEST_2800,89.337875
TEST_2801,84.30919
TEST_2802,83.28203
TEST_2803,92.42012
TEST_2804,88.66849
TEST_2805,86.12431
TEST_2806,84.64213
TEST_2807,83.44324
TEST_2808,92.9591
TEST_2809,82.43913
TEST_2810,91.305626
TEST_2811,83.19509
TEST_2812,83.53622
TEST_2813,84.2113
TEST_2814,82.607605
TEST_2815,90.8711
TEST_2816,82.87122
TEST_2817,83.123795
TEST_2818,82.5081
TEST_2819,91.40057
TEST_2820,82.3414
TEST_2821,89.359024
TEST_2822,84.26015
TEST_2823,87.37848
TEST_2824,82.51986
TEST_2825,82.10564
TEST_2826,88.233536
TEST_2827,82.87091
TEST_2828,84.382
TEST_2829,83.89844
TEST_2830,83.22432
TEST_2831,89.41346
TEST_2832,91.38101
TEST_2833,90.74466
TEST_2834,82.77835
TEST_2835,88.27774
TEST_2836,83.12506
TEST_2837,83.66167
TEST_2838,82.90808
TEST_2839,84.27423
TEST_2840,83.4637
TEST_2841,82.41986
TEST_2842,83.30998
TEST_2843,82.52961
TEST_2844,83.62589
TEST_2845,91.80479
TEST_2846,83.57698
TEST_2847,83.66676
TEST_2848,83.007355
TEST_2849,82.70721
TEST_2850,83.81627
TEST_2851,84.64255
TEST_2852,82.30992
TEST_2853,90.329506
TEST_2854,83.45381
TEST_2855,82.62705
TEST_2856,91.13641
TEST_2857,86.34873
TEST_2858,83.49771
TEST_2859,88.32176
TEST_2860,83.00242
TEST_2861,85.0657
TEST_2862,85.94022
TEST_2863,83.18971
TEST_2864,90.65234
TEST_2865,92.30415
TEST_2866,82.76517
TEST_2867,83.120125
TEST_2868,82.63735
TEST_2869,85.1955
TEST_2870,82.99927
TEST_2871,83.53042
TEST_2872,91.07961
TEST_2873,85.316895
TEST_2874,83.22647
TEST_2875,85.73534
TEST_2876,83.063675
TEST_2877,82.90645
TEST_2878,88.82027
TEST_2879,92.28338
TEST_2880,83.371765
TEST_2881,85.766014
TEST_2882,90.86482
TEST_2883,90.804016
TEST_2884,91.198105
TEST_2885,83.354706
TEST_2886,82.98636
TEST_2887,92.011185
TEST_2888,82.699005
TEST_2889,83.05761
TEST_2890,86.60893
TEST_2891,83.08501
TEST_2892,84.37422
TEST_2893,92.79594
TEST_2894,93.74414
TEST_2895,84.19555
TEST_2896,93.777855
TEST_2897,82.257095
TEST_2898,83.2087
TEST_2899,82.980896
TEST_2900,82.64626
TEST_2901,83.944984
TEST_2902,90.56633
TEST_2903,83.70784
TEST_2904,84.25757
TEST_2905,84.95853
TEST_2906,85.23081
TEST_2907,89.5493
TEST_2908,83.34613
TEST_2909,83.128456
TEST_2910,83.07901
TEST_2911,83.16824
TEST_2912,83.01952
TEST_2913,83.05214
TEST_2914,82.90532
TEST_2915,83.69847
TEST_2916,82.732025
TEST_2917,88.68608
TEST_2918,86.94898
TEST_2919,83.685776
TEST_2920,83.096634
TEST_2921,88.86512
TEST_2922,86.449905
TEST_2923,82.900444
TEST_2924,82.392784
TEST_2925,82.65734
TEST_2926,84.31972
TEST_2927,93.19051
TEST_2928,83.003746
TEST_2929,82.79147
TEST_2930,84.42067
TEST_2931,82.778366
TEST_2932,84.58669
TEST_2933,82.63844
TEST_2934,86.64454
TEST_2935,82.475174
TEST_2936,84.05405
TEST_2937,92.15363
TEST_2938,90.39987
TEST_2939,83.06053
TEST_2940,83.235504
TEST_2941,93.28969
TEST_2942,82.380325
TEST_2943,85.681015
TEST_2944,82.64092
TEST_2945,83.19137
TEST_2946,82.78064
TEST_2947,93.75664
TEST_2948,83.45923
TEST_2949,89.18204
TEST_2950,83.092834
TEST_2951,82.35024
TEST_2952,82.62922
TEST_2953,88.30284
TEST_2954,83.54498
TEST_2955,83.00722
TEST_2956,83.32805
TEST_2957,86.75232
TEST_2958,82.6951
TEST_2959,89.70293
TEST_2960,82.43158
TEST_2961,84.160446
TEST_2962,83.20366
TEST_2963,83.39295
TEST_2964,88.42116
TEST_2965,85.97932
TEST_2966,93.65596
TEST_2967,84.21188
TEST_2968,83.42375
TEST_2969,91.717804
TEST_2970,91.49889
TEST_2971,85.51725
TEST_2972,87.90857
TEST_2973,83.97305
TEST_2974,82.79469
TEST_2975,83.63318
TEST_2976,82.325485
TEST_2977,91.70882
TEST_2978,82.69293
TEST_2979,89.43174
TEST_2980,82.30437
TEST_2981,91.82827
TEST_2982,90.71468
TEST_2983,83.7723
TEST_2984,86.52177
TEST_2985,93.441536
TEST_2986,82.97269
TEST_2987,82.76613
TEST_2988,84.53697
TEST_2989,84.95416
TEST_2990,82.753296
TEST_2991,83.589554
TEST_2992,85.30824
TEST_2993,82.39046
TEST_2994,86.86588
TEST_2995,89.96523
TEST_2996,82.57653
TEST_2997,84.015305
TEST_2998,92.948105
TEST_2999,82.62685
TEST_3000,82.86022
TEST_3001,82.62303
TEST_3002,82.54159
TEST_3003,82.41443
TEST_3004,92.95569
TEST_3005,92.53301
TEST_3006,84.10279
TEST_3007,85.86253
TEST_3008,84.89276
TEST_3009,84.9612
TEST_3010,83.329865
TEST_3011,82.57048
TEST_3012,84.55635
TEST_3013,82.889046
TEST_3014,92.009415
TEST_3015,85.27954
TEST_3016,84.45955
TEST_3017,82.560356
TEST_3018,82.72025
TEST_3019,84.33595
TEST_3020,83.91734
TEST_3021,82.346756
TEST_3022,90.994385
TEST_3023,83.69444
TEST_3024,82.784805
TEST_3025,82.4212
TEST_3026,82.613976
TEST_3027,83.6518
TEST_3028,84.881485
TEST_3029,82.95599
TEST_3030,91.28175
TEST_3031,85.386215
TEST_3032,84.029236
TEST_3033,82.354996
TEST_3034,84.2115
TEST_3035,89.16891
TEST_3036,88.26995
TEST_3037,83.71403
TEST_3038,83.213
TEST_3039,83.27964
TEST_3040,83.09638
TEST_3041,84.91382
TEST_3042,91.90276
TEST_3043,83.38306
TEST_3044,83.683426
TEST_3045,82.746124
TEST_3046,83.05264
TEST_3047,91.10222
TEST_3048,82.840996
TEST_3049,82.56635
TEST_3050,91.36655
TEST_3051,82.7272
TEST_3052,84.23832
TEST_3053,83.0762
TEST_3054,82.93448
TEST_3055,84.04103
TEST_3056,82.21417
TEST_3057,83.75402
TEST_3058,82.74295
TEST_3059,82.59027
TEST_3060,82.40705
TEST_3061,83.77011
TEST_3062,90.949356
TEST_3063,83.35982
TEST_3064,82.83329
TEST_3065,91.78274
TEST_3066,83.006
TEST_3067,83.287384
TEST_3068,82.63245
TEST_3069,82.558945
TEST_3070,83.057396
TEST_3071,83.22536
TEST_3072,83.14846
TEST_3073,82.80937
TEST_3074,83.506485
TEST_3075,82.58693
TEST_3076,85.503265
TEST_3077,82.48811
TEST_3078,91.3669
TEST_3079,89.28879
TEST_3080,85.384094
TEST_3081,89.60295
TEST_3082,83.02145
TEST_3083,83.92026
TEST_3084,83.99014
TEST_3085,82.115295
TEST_3086,82.624054
TEST_3087,82.77977
TEST_3088,82.516495
TEST_3089,89.508835
TEST_3090,92.2881
TEST_3091,91.3597
TEST_3092,83.58266
TEST_3093,82.60604
TEST_3094,92.849655
TEST_3095,89.938354
TEST_3096,84.135086
TEST_3097,84.24933
TEST_3098,82.71676
TEST_3099,88.560585
TEST_3100,83.444725
TEST_3101,82.45122
TEST_3102,92.70962
TEST_3103,83.54501
TEST_3104,82.71309
TEST_3105,90.792496
TEST_3106,82.52825
TEST_3107,89.7068
TEST_3108,82.66919
TEST_3109,91.18732
TEST_3110,82.06949
TEST_3111,89.94229
TEST_3112,82.6134
TEST_3113,82.62758
TEST_3114,82.4557
TEST_3115,83.16838
TEST_3116,91.03769
TEST_3117,83.509
TEST_3118,84.63474
TEST_3119,83.95955
TEST_3120,82.93582
TEST_3121,88.25982
TEST_3122,82.83103
TEST_3123,87.688995
TEST_3124,84.69945
TEST_3125,83.54984
TEST_3126,83.09053
TEST_3127,83.72228
TEST_3128,91.25732
TEST_3129,82.4854
TEST_3130,88.593925
TEST_3131,90.7758
TEST_3132,82.611305
TEST_3133,85.20096
TEST_3134,82.60791
TEST_3135,83.35359
TEST_3136,85.427345
TEST_3137,83.78412
TEST_3138,83.12746
TEST_3139,82.56056
TEST_3140,84.55619
TEST_3141,86.018425
TEST_3142,83.67323
TEST_3143,82.72391
TEST_3144,83.71523
TEST_3145,90.772
TEST_3146,83.8204
TEST_3147,87.57355
TEST_3148,84.39953
TEST_3149,83.605
TEST_3150,83.69813
TEST_3151,82.97644
TEST_3152,85.80492
TEST_3153,82.65729
TEST_3154,83.081665
TEST_3155,85.16255
TEST_3156,85.84152
TEST_3157,92.699005
TEST_3158,82.840225
TEST_3159,82.74089
TEST_3160,89.65072
TEST_3161,85.12613
TEST_3162,84.54124
TEST_3163,83.01901
TEST_3164,83.026375
TEST_3165,87.52818
TEST_3166,83.22768
TEST_3167,82.62863
TEST_3168,83.34288
TEST_3169,90.44913
TEST_3170,85.00943
TEST_3171,83.100876
TEST_3172,91.70893
TEST_3173,90.10579
TEST_3174,82.771866
TEST_3175,82.86219
TEST_3176,84.26925
TEST_3177,85.1494
TEST_3178,83.13071
TEST_3179,84.80504
TEST_3180,82.83713
TEST_3181,88.96617
TEST_3182,82.32207
TEST_3183,88.041985
TEST_3184,83.59778
TEST_3185,82.608986
TEST_3186,82.49628
TEST_3187,83.73956
TEST_3188,91.378944
TEST_3189,82.87666
TEST_3190,84.02014
TEST_3191,82.88678
TEST_3192,83.719444
TEST_3193,85.76094
TEST_3194,82.705215
TEST_3195,87.38415
TEST_3196,82.92077
TEST_3197,84.73117
TEST_3198,82.57187
TEST_3199,91.05759
TEST_3200,83.101204
TEST_3201,84.2379
TEST_3202,86.21908
TEST_3203,83.418884
TEST_3204,84.35149
TEST_3205,91.442474
TEST_3206,83.29809
TEST_3207,83.42151
TEST_3208,83.09672
TEST_3209,92.11366
TEST_3210,82.055176
TEST_3211,82.92996
TEST_3212,83.59677
TEST_3213,93.381905
TEST_3214,82.979034
TEST_3215,82.33461
TEST_3216,92.06819
TEST_3217,87.92251
TEST_3218,84.00149
TEST_3219,82.67793
TEST_3220,91.68329
TEST_3221,86.27127
TEST_3222,83.15396
TEST_3223,83.15067
TEST_3224,83.72119
TEST_3225,83.16188
TEST_3226,83.6786
TEST_3227,82.91264
TEST_3228,90.58589
TEST_3229,82.750656
TEST_3230,82.12787
TEST_3231,84.16814
TEST_3232,86.24733
TEST_3233,83.55907
TEST_3234,83.039215
TEST_3235,82.72881
TEST_3236,83.28438
TEST_3237,83.14811
TEST_3238,83.59831
TEST_3239,84.074646
TEST_3240,82.68499
TEST_3241,82.48186
TEST_3242,85.46573
TEST_3243,82.56719
TEST_3244,83.515884
TEST_3245,83.57239
TEST_3246,83.62123
TEST_3247,83.524445
TEST_3248,89.47414
TEST_3249,82.8684
TEST_3250,82.79483
TEST_3251,84.6741
TEST_3252,82.686554
TEST_3253,83.401794
TEST_3254,86.63974
TEST_3255,82.55455
TEST_3256,82.733734
TEST_3257,82.54698
TEST_3258,83.16969
TEST_3259,91.930725
TEST_3260,84.54378
TEST_3261,83.254326
TEST_3262,82.95792
TEST_3263,83.97239
TEST_3264,82.41695
TEST_3265,91.78785
TEST_3266,82.76099
TEST_3267,83.04814
TEST_3268,93.64932
TEST_3269,83.69623
TEST_3270,83.31528
TEST_3271,89.28483
TEST_3272,82.764084
TEST_3273,82.068504
TEST_3274,83.28242
TEST_3275,82.815155
TEST_3276,85.08971
TEST_3277,82.69183
TEST_3278,91.18024
TEST_3279,83.00621
TEST_3280,83.239136
TEST_3281,93.053246
TEST_3282,84.88704
TEST_3283,82.83153
TEST_3284,83.57847
TEST_3285,88.66063
TEST_3286,91.346756
TEST_3287,91.67387
TEST_3288,93.11659
TEST_3289,83.14171
TEST_3290,82.62483
TEST_3291,85.989975
TEST_3292,83.31416
TEST_3293,82.90894
TEST_3294,83.696976
TEST_3295,86.97243
TEST_3296,82.7378
TEST_3297,83.42615
TEST_3298,85.46749
TEST_3299,88.92778
TEST_3300,83.74856
TEST_3301,84.40928
TEST_3302,87.13173
TEST_3303,89.03263
TEST_3304,85.27246
TEST_3305,82.33039
TEST_3306,83.13734
TEST_3307,82.59394
TEST_3308,82.84897
TEST_3309,92.86964
TEST_3310,82.44423
TEST_3311,85.24045
TEST_3312,83.867905
TEST_3313,90.186874
TEST_3314,83.6454
TEST_3315,84.035675
TEST_3316,82.33058
TEST_3317,84.55328
TEST_3318,82.74643
TEST_3319,92.723816
TEST_3320,83.57116
TEST_3321,88.0441
TEST_3322,85.48975
TEST_3323,82.46832
TEST_3324,82.51254
TEST_3325,84.19999
TEST_3326,82.716385
TEST_3327,84.21528
TEST_3328,83.64235
TEST_3329,92.09917
TEST_3330,91.8504
TEST_3331,85.18242
TEST_3332,82.6152
TEST_3333,82.35329
TEST_3334,83.979935
TEST_3335,91.40057
TEST_3336,85.57878
TEST_3337,84.71395
TEST_3338,92.82781
TEST_3339,83.67282
TEST_3340,83.44313
TEST_3341,88.51875
TEST_3342,84.27371
TEST_3343,93.37556
TEST_3344,83.36176
TEST_3345,83.37245
TEST_3346,85.50304
TEST_3347,92.90146
TEST_3348,83.35094
TEST_3349,92.18447
TEST_3350,84.15835
TEST_3351,89.157326
TEST_3352,82.51019
TEST_3353,82.5942
TEST_3354,88.17862
TEST_3355,82.64671
TEST_3356,91.91119
TEST_3357,82.78303
TEST_3358,83.14275
TEST_3359,90.52998
TEST_3360,83.179855
TEST_3361,84.49514
TEST_3362,90.64012
TEST_3363,83.13271
TEST_3364,83.95282
TEST_3365,92.36403
TEST_3366,91.01637
TEST_3367,83.296196
TEST_3368,91.08716
TEST_3369,84.30883
TEST_3370,84.64032
TEST_3371,82.74278
TEST_3372,93.55621
TEST_3373,83.19058
TEST_3374,85.51637
TEST_3375,82.68762
TEST_3376,82.50122
TEST_3377,92.68344
TEST_3378,83.19812
TEST_3379,92.16954
TEST_3380,83.36517
TEST_3381,84.47406
TEST_3382,84.08324
TEST_3383,83.84071
TEST_3384,90.91388
TEST_3385,83.21016
TEST_3386,83.864456
TEST_3387,83.11517
TEST_3388,86.71169
TEST_3389,83.2157
TEST_3390,93.30185
TEST_3391,82.57121
TEST_3392,85.24078
TEST_3393,82.65397
TEST_3394,83.81854
TEST_3395,83.88141
TEST_3396,91.3655
TEST_3397,82.40114
TEST_3398,84.047455
TEST_3399,83.462234
TEST_3400,82.37064
TEST_3401,84.61428
TEST_3402,93.22252
TEST_3403,92.36098
TEST_3404,83.479996
TEST_3405,85.15666
TEST_3406,82.754074
TEST_3407,91.148895
TEST_3408,84.71748
TEST_3409,82.91465
TEST_3410,88.323814
TEST_3411,82.708725
TEST_3412,85.23715
TEST_3413,88.15964
TEST_3414,90.92595
TEST_3415,82.502365
TEST_3416,88.35612
TEST_3417,83.82339
TEST_3418,91.3506
TEST_3419,82.5126
TEST_3420,92.7948
TEST_3421,89.74933
TEST_3422,82.63406
TEST_3423,83.12399
TEST_3424,89.66415
TEST_3425,90.133644
TEST_3426,83.37475
TEST_3427,82.91527
TEST_3428,82.76529
TEST_3429,83.060974
TEST_3430,89.11481
TEST_3431,90.32129
TEST_3432,87.820694
TEST_3433,83.73614
TEST_3434,83.514854
TEST_3435,82.39954
TEST_3436,85.47524
TEST_3437,83.8874
TEST_3438,82.98386
TEST_3439,82.691025
TEST_3440,86.34254
TEST_3441,82.89134
TEST_3442,83.56525
TEST_3443,84.93759
TEST_3444,83.08082
TEST_3445,84.3998
TEST_3446,82.90923
TEST_3447,82.95207
TEST_3448,91.64011
TEST_3449,84.48241
TEST_3450,82.60889
TEST_3451,82.87713
TEST_3452,82.78786
TEST_3453,83.48601
TEST_3454,82.63544
TEST_3455,92.858475
TEST_3456,82.972946
TEST_3457,82.88928
TEST_3458,83.128525
TEST_3459,92.170105
TEST_3460,87.056526
TEST_3461,84.20162
TEST_3462,84.61125
TEST_3463,82.55839
TEST_3464,82.757
TEST_3465,84.07089
TEST_3466,82.86398
TEST_3467,87.72675
TEST_3468,84.4109
TEST_3469,83.37019
TEST_3470,82.68727
TEST_3471,89.49591
TEST_3472,83.068405
TEST_3473,83.01417
TEST_3474,93.43688
TEST_3475,83.207825
TEST_3476,85.351776
TEST_3477,84.62717
TEST_3478,85.20153
TEST_3479,83.219376
TEST_3480,92.95825
TEST_3481,83.02206
TEST_3482,91.87126
TEST_3483,82.66731
TEST_3484,83.05765
TEST_3485,83.36116
TEST_3486,84.803314
TEST_3487,88.386856
TEST_3488,85.61725
TEST_3489,82.70257
TEST_3490,82.474335
TEST_3491,82.44357
TEST_3492,83.14466
TEST_3493,84.65399
TEST_3494,82.429504
TEST_3495,92.259
TEST_3496,82.892525
TEST_3497,83.10813
TEST_3498,82.39274
TEST_3499,82.523994
TEST_3500,91.432785
TEST_3501,91.23361
TEST_3502,92.8869
TEST_3503,83.93231
TEST_3504,93.64633
TEST_3505,83.405556
TEST_3506,92.72178
TEST_3507,83.179596
TEST_3508,89.40331
TEST_3509,88.19295
TEST_3510,83.09276
TEST_3511,91.88156
TEST_3512,91.636894
TEST_3513,82.79219
TEST_3514,82.57071
TEST_3515,93.201584
TEST_3516,84.104485
TEST_3517,83.497986
TEST_3518,82.64201
TEST_3519,83.33165
TEST_3520,84.637764
TEST_3521,83.78921
TEST_3522,83.334564
TEST_3523,91.92579
TEST_3524,84.76308
TEST_3525,87.32916
TEST_3526,86.9713
TEST_3527,83.36457
TEST_3528,87.46432
TEST_3529,86.60587
TEST_3530,82.90587
TEST_3531,89.61473
TEST_3532,93.2009
TEST_3533,85.29884
TEST_3534,91.709625
TEST_3535,82.40233
TEST_3536,91.83456
TEST_3537,86.50867
TEST_3538,90.70627
TEST_3539,83.49388
TEST_3540,84.01265
TEST_3541,85.6131
TEST_3542,83.17531
TEST_3543,92.40289
TEST_3544,82.934525
TEST_3545,82.16586
TEST_3546,84.79292
TEST_3547,82.15728
TEST_3548,84.2167
TEST_3549,82.46843
TEST_3550,82.32037
TEST_3551,83.122536
TEST_3552,82.49606
TEST_3553,83.22266
TEST_3554,83.27631
TEST_3555,85.848076
TEST_3556,82.60675
TEST_3557,84.16971
TEST_3558,91.683
TEST_3559,83.46996
TEST_3560,86.21488
TEST_3561,93.83837
TEST_3562,89.124176
TEST_3563,85.873344
TEST_3564,82.400116
TEST_3565,87.244125
TEST_3566,82.67851
TEST_3567,83.9588
TEST_3568,82.49649
TEST_3569,83.17284
TEST_3570,83.40617
TEST_3571,83.43472
TEST_3572,88.231895
TEST_3573,83.24682
TEST_3574,91.21651
TEST_3575,90.06571
TEST_3576,92.42648
TEST_3577,83.28706
TEST_3578,85.70604
TEST_3579,92.648964
TEST_3580,83.48639
TEST_3581,82.67746
TEST_3582,83.191315
TEST_3583,83.79634
TEST_3584,84.54448
TEST_3585,83.0056
TEST_3586,83.24596
TEST_3587,83.80039
TEST_3588,83.40992
TEST_3589,85.664314
TEST_3590,82.64142
TEST_3591,84.40184
TEST_3592,82.93985
TEST_3593,93.74245
TEST_3594,83.15286
TEST_3595,82.40261
TEST_3596,83.55649
TEST_3597,83.8414
TEST_3598,82.51481
TEST_3599,88.73576
TEST_3600,82.34447
TEST_3601,84.276695
TEST_3602,83.42552
TEST_3603,83.63864
TEST_3604,82.21306
TEST_3605,83.25536
TEST_3606,83.959885
TEST_3607,84.97554
TEST_3608,82.93796
TEST_3609,90.76396
TEST_3610,88.12911
TEST_3611,86.41258
TEST_3612,82.9065
TEST_3613,83.627335
TEST_3614,83.17923
TEST_3615,85.160126
TEST_3616,84.107796
TEST_3617,83.61734
TEST_3618,82.5806
TEST_3619,83.35097
TEST_3620,85.10617
TEST_3621,86.02313
TEST_3622,83.23659
TEST_3623,91.00531
TEST_3624,82.71641
TEST_3625,92.1943
TEST_3626,83.13193
TEST_3627,91.947235
TEST_3628,86.1643
TEST_3629,83.339676
TEST_3630,82.46341
TEST_3631,84.87947
TEST_3632,89.648315
TEST_3633,93.694305
TEST_3634,82.77093
TEST_3635,82.256714
TEST_3636,82.62894
TEST_3637,84.476364
TEST_3638,84.46675
TEST_3639,82.79843
TEST_3640,91.032745
TEST_3641,83.189674
TEST_3642,82.75012
TEST_3643,85.51444
TEST_3644,83.06701
TEST_3645,83.43749
TEST_3646,83.66095
TEST_3647,83.93342
TEST_3648,82.61414
TEST_3649,84.79463
TEST_3650,83.39666
TEST_3651,91.42835
TEST_3652,84.30063
TEST_3653,82.818214
TEST_3654,86.80678
TEST_3655,83.20776
TEST_3656,82.59589
TEST_3657,83.06485
TEST_3658,84.62744
TEST_3659,83.44884
TEST_3660,82.78543
TEST_3661,84.39401
TEST_3662,84.463135
TEST_3663,82.89076
TEST_3664,82.72066
TEST_3665,82.93979
TEST_3666,83.004105
TEST_3667,83.86123
TEST_3668,86.60958
TEST_3669,83.625565
TEST_3670,86.764404
TEST_3671,82.48299
TEST_3672,91.80339
TEST_3673,82.95843
TEST_3674,91.223045
TEST_3675,92.3042
TEST_3676,93.29188
TEST_3677,85.67581
TEST_3678,83.23223
TEST_3679,89.06744
TEST_3680,83.03141
TEST_3681,82.76229
TEST_3682,82.84266
TEST_3683,82.79674
TEST_3684,82.7081
TEST_3685,82.42988
TEST_3686,83.88066
TEST_3687,83.31514
TEST_3688,87.52811
TEST_3689,85.01376
TEST_3690,82.99274
TEST_3691,91.445114
TEST_3692,93.57854
TEST_3693,93.46612
TEST_3694,84.57134
TEST_3695,83.42151
TEST_3696,93.09465
TEST_3697,83.655136
TEST_3698,83.99019
TEST_3699,83.286865
TEST_3700,82.61469
TEST_3701,82.874954
TEST_3702,82.74863
TEST_3703,82.65578
TEST_3704,88.40426
TEST_3705,82.37207
TEST_3706,85.98252
TEST_3707,83.124954
TEST_3708,82.43756
TEST_3709,82.7124
TEST_3710,82.44771
TEST_3711,83.34237
TEST_3712,88.71917
TEST_3713,91.324524
TEST_3714,83.99893
TEST_3715,83.64004
TEST_3716,90.95233
TEST_3717,86.47949
TEST_3718,92.063385
TEST_3719,84.28333
TEST_3720,87.26199
TEST_3721,83.31166
TEST_3722,84.50386
TEST_3723,84.76494
TEST_3724,89.15378
TEST_3725,83.50061
TEST_3726,82.77109
TEST_3727,85.13307
TEST_3728,82.947624
TEST_3729,82.445175
TEST_3730,92.41021
TEST_3731,91.77342
TEST_3732,86.4875
TEST_3733,84.531265
TEST_3734,92.1207
TEST_3735,85.00251
TEST_3736,83.28462
TEST_3737,82.3288
TEST_3738,82.61319
TEST_3739,92.77614
TEST_3740,81.9415
TEST_3741,83.080734
TEST_3742,82.76576
TEST_3743,82.77037
TEST_3744,92.21939
TEST_3745,93.33911
TEST_3746,82.66882
TEST_3747,85.195435
TEST_3748,85.10982
TEST_3749,92.41598
TEST_3750,84.09223
TEST_3751,86.756744
TEST_3752,82.872086
TEST_3753,82.61095
TEST_3754,83.701096
TEST_3755,85.70152
TEST_3756,83.72447
TEST_3757,83.95712
TEST_3758,85.45776
TEST_3759,83.944275
TEST_3760,83.369865
TEST_3761,90.54236
TEST_3762,85.88654
TEST_3763,84.25934
TEST_3764,82.675095
TEST_3765,85.16872
TEST_3766,83.1819
TEST_3767,83.65721
TEST_3768,83.18216
TEST_3769,83.1095
TEST_3770,82.44345
TEST_3771,84.4285
TEST_3772,82.90939
TEST_3773,83.42573
TEST_3774,84.18496
TEST_3775,83.381226
TEST_3776,82.70346
TEST_3777,85.12048
TEST_3778,83.399605
TEST_3779,83.82406
TEST_3780,83.00707
TEST_3781,83.77485
TEST_3782,82.80024
TEST_3783,83.468895
TEST_3784,83.094894
TEST_3785,82.578964
TEST_3786,92.42961
TEST_3787,82.492546
TEST_3788,84.03908
TEST_3789,92.94058
TEST_3790,82.26215
TEST_3791,83.664894
TEST_3792,90.3401
TEST_3793,82.43663
TEST_3794,82.607254
TEST_3795,82.86253
TEST_3796,84.681274
TEST_3797,84.949066
TEST_3798,82.59265
TEST_3799,82.174515
TEST_3800,83.7767
TEST_3801,93.090454
TEST_3802,91.041084
TEST_3803,82.83523
TEST_3804,82.78723
TEST_3805,82.79145
TEST_3806,84.575714
TEST_3807,85.77603
TEST_3808,82.78189
TEST_3809,90.408325
TEST_3810,83.15076
TEST_3811,91.78264
TEST_3812,87.44225
TEST_3813,82.85181
TEST_3814,84.366165
TEST_3815,83.823364
TEST_3816,83.90903
TEST_3817,90.552734
TEST_3818,83.44345
TEST_3819,82.860016
TEST_3820,82.64682
TEST_3821,84.92817
TEST_3822,84.574165
TEST_3823,82.77687
TEST_3824,82.87482
TEST_3825,83.399155
TEST_3826,82.53346
TEST_3827,83.13227
TEST_3828,82.39596
TEST_3829,92.86235
TEST_3830,92.69967
TEST_3831,84.79258
TEST_3832,91.02618
TEST_3833,82.64465
TEST_3834,83.0547
TEST_3835,89.33934
TEST_3836,82.91623
TEST_3837,83.365326
TEST_3838,92.43031
TEST_3839,91.20348
TEST_3840,83.024994
TEST_3841,90.94667
TEST_3842,85.09041
TEST_3843,83.55998
TEST_3844,83.31746
TEST_3845,89.591515
TEST_3846,90.52736
TEST_3847,83.45695
TEST_3848,88.847496
TEST_3849,82.97601
TEST_3850,83.42949
TEST_3851,83.58997
TEST_3852,82.58533
TEST_3853,85.26396
TEST_3854,83.262634
TEST_3855,86.021255
TEST_3856,84.97264
TEST_3857,82.587616
TEST_3858,86.53381
TEST_3859,93.04826
TEST_3860,87.39456
TEST_3861,84.72992
TEST_3862,87.99928
TEST_3863,82.98767
TEST_3864,86.90077
TEST_3865,82.43399
TEST_3866,83.33776
TEST_3867,82.88936
TEST_3868,82.73331
TEST_3869,85.30487
TEST_3870,82.82756
TEST_3871,90.36458
TEST_3872,83.178986
TEST_3873,82.443825
TEST_3874,82.547104
TEST_3875,82.828705
TEST_3876,83.43146
TEST_3877,89.72368
TEST_3878,82.78415
TEST_3879,83.753
TEST_3880,85.625435
TEST_3881,82.50203
TEST_3882,89.31124
TEST_3883,91.124756
TEST_3884,82.838745
TEST_3885,82.25435
TEST_3886,82.99916
TEST_3887,82.68067
TEST_3888,83.52723
TEST_3889,92.389336
TEST_3890,83.73987
TEST_3891,85.21329
TEST_3892,82.78049
TEST_3893,85.94089
TEST_3894,83.02443
TEST_3895,83.32205
TEST_3896,82.72778
TEST_3897,83.44275
TEST_3898,91.63331
TEST_3899,82.919395
TEST_3900,82.4034
TEST_3901,83.018005
TEST_3902,84.627945
TEST_3903,83.134926
TEST_3904,83.2146
TEST_3905,83.30357
TEST_3906,92.452576
TEST_3907,93.03481
TEST_3908,90.08035
TEST_3909,83.679825
TEST_3910,83.72399
TEST_3911,91.19558
TEST_3912,83.34503
TEST_3913,84.48146
TEST_3914,82.255356
TEST_3915,90.65097
TEST_3916,85.35086
TEST_3917,83.9781
TEST_3918,90.89515
TEST_3919,82.61723
TEST_3920,83.183426
TEST_3921,88.79424
TEST_3922,83.658035
TEST_3923,91.01236
TEST_3924,82.10143
TEST_3925,92.360016
TEST_3926,82.63123
TEST_3927,84.50309
TEST_3928,88.69139
TEST_3929,82.70008
TEST_3930,91.33876
TEST_3931,82.89669
TEST_3932,91.7379
TEST_3933,87.99942
TEST_3934,85.6286
TEST_3935,83.81176
TEST_3936,83.573
TEST_3937,84.31893
TEST_3938,82.98695
TEST_3939,85.319885
TEST_3940,83.853004
TEST_3941,84.176926
TEST_3942,83.10447
TEST_3943,84.95831
TEST_3944,90.841866
TEST_3945,84.07546
TEST_3946,90.218185
TEST_3947,83.00002
TEST_3948,83.09947
TEST_3949,90.35755
TEST_3950,84.90633
TEST_3951,83.28168
TEST_3952,82.31657
TEST_3953,83.19328
TEST_3954,83.143036
TEST_3955,90.60467
TEST_3956,92.47818
TEST_3957,82.95466
TEST_3958,82.55327
TEST_3959,82.77551
TEST_3960,88.70717
TEST_3961,83.757256
TEST_3962,82.96596
TEST_3963,84.80238
TEST_3964,83.838
TEST_3965,90.22435
TEST_3966,83.0989
TEST_3967,89.04618
TEST_3968,82.947464
TEST_3969,89.87714
TEST_3970,82.7179
TEST_3971,92.27677
TEST_3972,82.454056
TEST_3973,83.44046
TEST_3974,86.283066
TEST_3975,93.42287
TEST_3976,88.50341
TEST_3977,82.9475
TEST_3978,91.817474
TEST_3979,82.67765
TEST_3980,82.983864
TEST_3981,92.83956
TEST_3982,92.67268
TEST_3983,91.033936
TEST_3984,82.630714
TEST_3985,89.49257
TEST_3986,92.84453
TEST_3987,82.826355
TEST_3988,83.43289
TEST_3989,83.80844
TEST_3990,92.67197
TEST_3991,83.119125
TEST_3992,82.97228
TEST_3993,83.241776
TEST_3994,83.44615
TEST_3995,91.230255
TEST_3996,84.528305
TEST_3997,85.95461
TEST_3998,82.86689
TEST_3999,83.623535
TEST_4000,83.74045
TEST_4001,84.38607
TEST_4002,86.636795
TEST_4003,83.36586
TEST_4004,83.039635
TEST_4005,82.69228
TEST_4006,84.64562
TEST_4007,86.52848
TEST_4008,84.36682
TEST_4009,85.1857
TEST_4010,83.056175
TEST_4011,91.7306
TEST_4012,90.00417
TEST_4013,92.44116
TEST_4014,83.444855
TEST_4015,82.54741
TEST_4016,82.332
TEST_4017,83.770035
TEST_4018,82.270676
TEST_4019,92.91069
TEST_4020,84.40874
TEST_4021,85.17282
TEST_4022,82.392654
TEST_4023,82.972534
TEST_4024,82.825264
TEST_4025,84.271515
TEST_4026,84.573044
TEST_4027,84.291824
TEST_4028,82.53247
TEST_4029,83.62928
TEST_4030,82.74222
TEST_4031,85.04372
TEST_4032,82.78124
TEST_4033,92.17747
TEST_4034,83.00273
TEST_4035,84.67608
TEST_4036,84.41166
TEST_4037,93.71289
TEST_4038,85.999626
TEST_4039,92.2321
TEST_4040,85.96827
TEST_4041,84.41374
TEST_4042,83.536354
TEST_4043,92.21384
TEST_4044,91.031586
TEST_4045,82.5061
TEST_4046,82.934525
TEST_4047,83.3097
TEST_4048,86.11196
TEST_4049,86.46355
TEST_4050,83.674995
TEST_4051,91.80734
TEST_4052,82.52461
TEST_4053,83.49107
TEST_4054,84.257614
TEST_4055,83.42877
TEST_4056,82.40493
TEST_4057,84.508194
TEST_4058,82.6496
TEST_4059,83.676476
TEST_4060,86.557076
TEST_4061,82.12303
TEST_4062,92.44585
TEST_4063,87.10267
TEST_4064,83.16157
TEST_4065,83.22472
TEST_4066,83.22703
TEST_4067,84.867935
TEST_4068,84.21307
TEST_4069,91.95979
TEST_4070,91.91533
TEST_4071,89.24426
TEST_4072,82.76558
TEST_4073,84.21094
TEST_4074,83.80804
TEST_4075,83.08681
TEST_4076,91.10666
TEST_4077,93.24693
TEST_4078,82.48251
TEST_4079,82.87254
TEST_4080,91.75575
TEST_4081,84.04173
TEST_4082,93.47894
TEST_4083,82.835335
TEST_4084,82.85833
TEST_4085,93.20311
TEST_4086,85.41167
TEST_4087,83.93164
TEST_4088,82.89543
TEST_4089,82.34505
TEST_4090,82.20393
TEST_4091,82.50793
TEST_4092,91.56672
TEST_4093,85.20126
TEST_4094,92.062996
TEST_4095,84.35922
TEST_4096,82.5835
TEST_4097,82.71934
TEST_4098,82.675354
TEST_4099,82.32561
TEST_4100,82.81099
TEST_4101,82.242935
TEST_4102,83.206505
TEST_4103,84.072266
TEST_4104,83.362656
TEST_4105,91.81746
TEST_4106,90.396935
TEST_4107,83.536705
TEST_4108,91.63773
TEST_4109,83.32431
TEST_4110,88.8683
TEST_4111,84.69208
TEST_4112,83.04587
TEST_4113,82.31083
TEST_4114,82.9216
TEST_4115,84.12492
TEST_4116,84.87642
TEST_4117,83.45593
TEST_4118,83.00693
TEST_4119,82.56561
TEST_4120,82.4659
TEST_4121,82.562
TEST_4122,84.49758
TEST_4123,84.75785
TEST_4124,90.829185
TEST_4125,84.65558
TEST_4126,83.85101
TEST_4127,85.520065
TEST_4128,82.39666
TEST_4129,82.60475
TEST_4130,82.480385
TEST_4131,84.24515
TEST_4132,84.73781
TEST_4133,90.71915
TEST_4134,82.82031
TEST_4135,83.01885
TEST_4136,84.48938
TEST_4137,85.37941
TEST_4138,86.2505
TEST_4139,83.36974
TEST_4140,93.13256
TEST_4141,82.52076
TEST_4142,83.003784
TEST_4143,82.32561
TEST_4144,89.228264
TEST_4145,83.2979
TEST_4146,91.697845
TEST_4147,83.01608
TEST_4148,82.313354
TEST_4149,86.42345
TEST_4150,82.64837
TEST_4151,82.86047
TEST_4152,82.34242
TEST_4153,83.03972
TEST_4154,91.768555
TEST_4155,90.07727
TEST_4156,89.565
TEST_4157,84.38028
TEST_4158,90.61363
TEST_4159,90.3597
TEST_4160,90.42747
TEST_4161,83.725876
TEST_4162,83.16539
TEST_4163,83.32947
TEST_4164,84.54528
TEST_4165,82.40422
TEST_4166,84.58446
TEST_4167,82.26531
TEST_4168,83.52409
TEST_4169,93.097824
TEST_4170,82.77693
TEST_4171,84.88409
TEST_4172,83.02367
TEST_4173,85.294785
TEST_4174,91.11982
TEST_4175,83.855484
TEST_4176,83.060165
TEST_4177,84.31195
TEST_4178,83.59398
TEST_4179,91.719
TEST_4180,85.26734
TEST_4181,83.86716
TEST_4182,83.962036
TEST_4183,84.01255
TEST_4184,83.38515
TEST_4185,82.52271
TEST_4186,83.2909
TEST_4187,82.65622
TEST_4188,84.73744
TEST_4189,82.72129
TEST_4190,83.78056
TEST_4191,82.46351
TEST_4192,82.2733
TEST_4193,86.42993
TEST_4194,84.18649
TEST_4195,83.076385
TEST_4196,92.17491
TEST_4197,83.77284
TEST_4198,83.18045
TEST_4199,85.06845
TEST_4200,82.992165
TEST_4201,82.6621
TEST_4202,82.99751
TEST_4203,91.14144
TEST_4204,83.183105
TEST_4205,92.76648
TEST_4206,82.76578
TEST_4207,84.77564
TEST_4208,83.159424
TEST_4209,83.75101
TEST_4210,82.69821
TEST_4211,83.19007
TEST_4212,83.086044
TEST_4213,92.96211
TEST_4214,93.29402
TEST_4215,83.03824
TEST_4216,83.48808
TEST_4217,85.706116
TEST_4218,82.9426
TEST_4219,83.621414
TEST_4220,92.647095
TEST_4221,92.017456
TEST_4222,82.871765
TEST_4223,82.646835
TEST_4224,88.10756
TEST_4225,83.27562
TEST_4226,90.484535
TEST_4227,82.23409
TEST_4228,83.99835
TEST_4229,86.8169
TEST_4230,83.47675
TEST_4231,83.53008
TEST_4232,82.55372
TEST_4233,83.51146
TEST_4234,84.59103
TEST_4235,91.1559
TEST_4236,83.56501
TEST_4237,92.44466
TEST_4238,85.346725
TEST_4239,86.95189
TEST_4240,83.68443
TEST_4241,87.752625
TEST_4242,88.30429
TEST_4243,83.51521
TEST_4244,91.22267
TEST_4245,85.28053
TEST_4246,83.36716
TEST_4247,92.74712
TEST_4248,92.68253
TEST_4249,86.3951
TEST_4250,82.66789
TEST_4251,85.882904
TEST_4252,83.398735
TEST_4253,86.8079
TEST_4254,85.54164
TEST_4255,84.06729
TEST_4256,82.25588
TEST_4257,87.96607
TEST_4258,93.171394
TEST_4259,92.37292
TEST_4260,82.482086
TEST_4261,83.59616
TEST_4262,82.1274
TEST_4263,85.0856
TEST_4264,83.865906
TEST_4265,83.09659
TEST_4266,83.6014
TEST_4267,83.81959
TEST_4268,82.91679
TEST_4269,82.41097
TEST_4270,83.11499
TEST_4271,84.76655
TEST_4272,87.941124
TEST_4273,82.79036
TEST_4274,82.75844
TEST_4275,82.83719
TEST_4276,88.364685
TEST_4277,82.45055
TEST_4278,86.91288
TEST_4279,90.91229
TEST_4280,83.877975
TEST_4281,82.75153
TEST_4282,89.70126
TEST_4283,92.213684
TEST_4284,83.026695
TEST_4285,87.02906
TEST_4286,90.788086
TEST_4287,92.76278
TEST_4288,82.62421
TEST_4289,83.86929
TEST_4290,90.02539
TEST_4291,82.32231
TEST_4292,91.999084
TEST_4293,93.2664
TEST_4294,90.84143
TEST_4295,92.84151
TEST_4296,83.39968
TEST_4297,83.49941
TEST_4298,85.15551
TEST_4299,87.455536
TEST_4300,92.7908
TEST_4301,83.384
TEST_4302,83.283295
TEST_4303,90.60344
TEST_4304,89.24422
TEST_4305,93.17116
TEST_4306,82.63625
TEST_4307,82.693634
TEST_4308,83.684525
TEST_4309,82.448975
TEST_4310,85.021866
TEST_4311,87.99887
TEST_4312,84.776024
TEST_4313,82.323296
TEST_4314,83.711555
TEST_4315,84.29416
TEST_4316,82.24805
TEST_4317,83.58035
TEST_4318,91.7337
TEST_4319,82.56131
TEST_4320,85.43647
TEST_4321,82.54288
TEST_4322,83.05418
TEST_4323,85.856995
TEST_4324,82.25036
TEST_4325,86.812485
TEST_4326,83.20256
TEST_4327,83.063484
TEST_4328,90.585266
TEST_4329,92.487305
TEST_4330,93.33875
TEST_4331,82.70673
TEST_4332,82.79836
TEST_4333,85.6996
TEST_4334,85.409256
TEST_4335,91.565506
TEST_4336,82.64841
TEST_4337,83.10877
TEST_4338,82.74519
TEST_4339,82.932144
TEST_4340,82.768524
TEST_4341,82.48587
TEST_4342,82.687164
TEST_4343,83.62954
TEST_4344,90.928024
TEST_4345,91.272354
TEST_4346,87.57524
TEST_4347,88.79132
TEST_4348,85.664185
TEST_4349,85.92694
TEST_4350,86.340164
TEST_4351,90.95888
TEST_4352,83.71146
TEST_4353,82.46175
TEST_4354,82.596405
TEST_4355,82.87592
TEST_4356,83.75189
TEST_4357,85.560776
TEST_4358,83.09868
TEST_4359,85.612686
TEST_4360,82.9474
TEST_4361,85.98187
TEST_4362,87.47349
TEST_4363,92.22968
TEST_4364,82.88714
TEST_4365,83.324265
TEST_4366,82.75498
TEST_4367,83.715355
TEST_4368,84.14144
TEST_4369,82.471344
TEST_4370,86.66177
TEST_4371,82.9766
TEST_4372,82.682655
TEST_4373,87.36631
TEST_4374,84.206116
TEST_4375,85.38489
TEST_4376,83.54181
TEST_4377,83.165634
TEST_4378,82.9378
TEST_4379,91.32788
TEST_4380,90.12509
TEST_4381,84.22644
TEST_4382,91.39738
TEST_4383,82.435165
TEST_4384,83.15531
TEST_4385,84.2209
TEST_4386,82.5448
TEST_4387,85.01191
TEST_4388,82.885086
TEST_4389,85.14906
TEST_4390,82.83296
TEST_4391,93.74898
TEST_4392,92.15488
TEST_4393,83.15271
TEST_4394,84.93608
TEST_4395,83.53642
TEST_4396,82.673386
TEST_4397,84.3562
TEST_4398,82.47057
TEST_4399,86.16127
TEST_4400,83.93625
TEST_4401,85.01759
TEST_4402,82.543
TEST_4403,82.181725
TEST_4404,82.79998
TEST_4405,91.409775
TEST_4406,82.92561
TEST_4407,83.34743
TEST_4408,82.59843
TEST_4409,85.6143
TEST_4410,93.306206
TEST_4411,84.34878
TEST_4412,83.50536
TEST_4413,82.42846
TEST_4414,83.4617
TEST_4415,82.637505
TEST_4416,84.016075
TEST_4417,83.048706
TEST_4418,82.58505
TEST_4419,83.39214
TEST_4420,84.981926
TEST_4421,84.35242
TEST_4422,83.32533
TEST_4423,90.823944
TEST_4424,84.10701
TEST_4425,89.48419
TEST_4426,82.51277
TEST_4427,83.31714
TEST_4428,82.96804
TEST_4429,83.03951
TEST_4430,82.89896
TEST_4431,83.63285
TEST_4432,82.5146
TEST_4433,83.078255
TEST_4434,84.10316
TEST_4435,90.15055
TEST_4436,91.673676
TEST_4437,92.837425
TEST_4438,83.45555
TEST_4439,83.33126
TEST_4440,89.95035
TEST_4441,82.04015
TEST_4442,86.273895
TEST_4443,82.52852
TEST_4444,84.007484
TEST_4445,83.88163
TEST_4446,89.89557
TEST_4447,85.82518
TEST_4448,82.386154
TEST_4449,86.84039
TEST_4450,93.00537
TEST_4451,82.93138
TEST_4452,89.304695
TEST_4453,82.551414
TEST_4454,82.51906
TEST_4455,93.10214
TEST_4456,83.30665
TEST_4457,85.75417
TEST_4458,83.65341
TEST_4459,82.855194
TEST_4460,83.940865
TEST_4461,83.17061
TEST_4462,82.788185
TEST_4463,82.53073
TEST_4464,84.69799
TEST_4465,82.721405
TEST_4466,83.21587
TEST_4467,83.24612
TEST_4468,89.774445
TEST_4469,85.93446
TEST_4470,92.42453
TEST_4471,83.225655
TEST_4472,91.97833
TEST_4473,84.54019
TEST_4474,93.14717
TEST_4475,86.12242
TEST_4476,91.26599
TEST_4477,83.026405
TEST_4478,85.10238
TEST_4479,83.34989
TEST_4480,82.882385
TEST_4481,84.64827
TEST_4482,82.8412
TEST_4483,82.778725
TEST_4484,85.48839
TEST_4485,82.587494
TEST_4486,85.3769
TEST_4487,91.55447
TEST_4488,83.39565
TEST_4489,83.43628
TEST_4490,85.384254
TEST_4491,90.67044
TEST_4492,84.307846
TEST_4493,82.942924
TEST_4494,82.54071
TEST_4495,92.8634
TEST_4496,83.06473
TEST_4497,85.300674
TEST_4498,82.23564
TEST_4499,85.30657
TEST_4500,83.07425
TEST_4501,93.65959
TEST_4502,83.28593
TEST_4503,84.84665
TEST_4504,86.36741
TEST_4505,83.09517
TEST_4506,90.99982
TEST_4507,82.869225
TEST_4508,92.00833
TEST_4509,87.41571
TEST_4510,83.869255
TEST_4511,91.82591
TEST_4512,83.40889
TEST_4513,84.6711
TEST_4514,83.015305
TEST_4515,82.57441
TEST_4516,83.15093
TEST_4517,86.08122
TEST_4518,83.82336
TEST_4519,86.24991
TEST_4520,82.72475
TEST_4521,86.13825
TEST_4522,92.269196
TEST_4523,83.593216
TEST_4524,87.33736
TEST_4525,83.55999
TEST_4526,82.80917
TEST_4527,84.20534
TEST_4528,87.10343
TEST_4529,84.16998
TEST_4530,82.36445
TEST_4531,92.673355
TEST_4532,91.301865
TEST_4533,93.9113
TEST_4534,82.13821
TEST_4535,83.546875
TEST_4536,85.87742
TEST_4537,85.17707
TEST_4538,83.816925
TEST_4539,83.82698
TEST_4540,85.41861
TEST_4541,90.2372
TEST_4542,83.36641
TEST_4543,92.01853
TEST_4544,83.20857
TEST_4545,92.79796
TEST_4546,86.26539
TEST_4547,82.465195
TEST_4548,83.16376
TEST_4549,82.9319
TEST_4550,83.57942
TEST_4551,91.64453
TEST_4552,85.484566
TEST_4553,84.306435
TEST_4554,84.28279
TEST_4555,89.99747
TEST_4556,91.4269
TEST_4557,83.6702
TEST_4558,84.229454
TEST_4559,83.3528
TEST_4560,83.714455
TEST_4561,82.58485
TEST_4562,83.385605
TEST_4563,85.54526
TEST_4564,90.45889
TEST_4565,87.23927
TEST_4566,85.57826
TEST_4567,82.87424
TEST_4568,83.285355
TEST_4569,89.25336
TEST_4570,91.06502
TEST_4571,85.42093
TEST_4572,83.248085
TEST_4573,93.258484
TEST_4574,83.31426
TEST_4575,90.153046
TEST_4576,82.90193
TEST_4577,83.8479
TEST_4578,91.72894
TEST_4579,82.43923
TEST_4580,84.427
TEST_4581,82.564224
TEST_4582,93.17288
TEST_4583,82.59551
TEST_4584,85.718994
TEST_4585,84.25048
TEST_4586,91.84041
TEST_4587,84.24611
TEST_4588,90.155655
TEST_4589,91.10583
TEST_4590,85.19803
TEST_4591,82.984726
TEST_4592,82.61211
TEST_4593,84.421585
TEST_4594,84.93089
TEST_4595,84.35975
TEST_4596,82.79068
TEST_4597,92.701904
TEST_4598,83.69642
TEST_4599,82.463066
TEST_4600,84.1333
TEST_4601,82.52871
TEST_4602,82.94072
TEST_4603,83.845474
TEST_4604,82.835495
TEST_4605,84.65532
TEST_4606,86.96705
TEST_4607,82.63079
TEST_4608,82.710464
TEST_4609,82.850464
TEST_4610,83.80276
TEST_4611,91.45203
TEST_4612,87.79716
TEST_4613,83.72201
TEST_4614,85.76423
TEST_4615,84.15433
TEST_4616,82.7901
TEST_4617,83.45784
TEST_4618,83.585655
TEST_4619,88.9115
TEST_4620,82.251526
TEST_4621,82.745834
TEST_4622,82.50842
TEST_4623,82.47624
TEST_4624,82.25906
TEST_4625,87.04941
TEST_4626,82.3696
TEST_4627,84.01993
TEST_4628,83.62993
TEST_4629,91.14397
TEST_4630,88.149506
TEST_4631,83.72029
TEST_4632,83.47452
TEST_4633,83.13686
TEST_4634,86.068245
TEST_4635,87.86124
TEST_4636,83.86041
TEST_4637,91.26921
TEST_4638,82.709656
TEST_4639,83.21003
TEST_4640,85.978836
TEST_4641,82.83211
TEST_4642,90.86745
TEST_4643,83.639534
TEST_4644,83.363434
TEST_4645,82.71137
TEST_4646,83.41722
TEST_4647,86.59845
TEST_4648,86.64709
TEST_4649,83.01907
TEST_4650,83.59172
TEST_4651,84.02239
TEST_4652,92.819336
TEST_4653,84.84381
TEST_4654,82.95389
TEST_4655,82.82692
TEST_4656,85.410614
TEST_4657,83.11889
TEST_4658,82.53194
TEST_4659,91.57643
TEST_4660,85.80031
TEST_4661,84.191315
TEST_4662,83.26257
TEST_4663,85.09798
TEST_4664,85.02039
TEST_4665,85.95212
TEST_4666,82.958755
TEST_4667,82.56165
TEST_4668,83.75993
TEST_4669,82.23697
TEST_4670,85.1875
TEST_4671,82.49107
TEST_4672,83.22157
TEST_4673,84.7321
TEST_4674,92.13935
TEST_4675,85.533844
TEST_4676,83.10571
TEST_4677,83.719666
TEST_4678,90.92168
TEST_4679,83.50757
TEST_4680,83.16417
TEST_4681,82.86241
TEST_4682,91.55408
TEST_4683,82.38155
TEST_4684,82.86093
TEST_4685,86.59602
TEST_4686,84.06861
TEST_4687,82.89049
TEST_4688,82.79549
TEST_4689,93.01346
TEST_4690,92.29622
TEST_4691,91.17736
TEST_4692,85.3544
TEST_4693,83.11031
TEST_4694,84.17223
TEST_4695,83.4046
TEST_4696,83.12366
TEST_4697,92.94202
TEST_4698,91.25801
TEST_4699,93.91081
TEST_4700,85.89582
TEST_4701,83.76183
TEST_4702,85.9113
TEST_4703,93.08556
TEST_4704,83.10353
TEST_4705,92.032875
TEST_4706,83.12166
TEST_4707,91.872665
TEST_4708,92.65002
TEST_4709,83.66371
TEST_4710,82.93012
TEST_4711,91.77974
TEST_4712,89.2617
TEST_4713,83.404465
TEST_4714,82.63778
TEST_4715,82.42335
TEST_4716,84.60539
TEST_4717,83.94604
TEST_4718,82.55381
TEST_4719,83.75987
TEST_4720,82.661896
TEST_4721,83.37573
TEST_4722,91.40965
TEST_4723,82.2469
TEST_4724,82.74785
TEST_4725,82.93208
TEST_4726,83.10684
TEST_4727,82.58295
TEST_4728,91.37239
TEST_4729,83.73794
TEST_4730,82.80745
TEST_4731,85.80519
TEST_4732,91.22873
TEST_4733,83.415
TEST_4734,92.39461
TEST_4735,83.78869
TEST_4736,93.432236
TEST_4737,84.40964
TEST_4738,92.13675
TEST_4739,84.98671
TEST_4740,86.569885
TEST_4741,83.37413
TEST_4742,84.71218
TEST_4743,82.81789
TEST_4744,82.644135
TEST_4745,92.32477
TEST_4746,93.32415
TEST_4747,92.2975
TEST_4748,93.41576
TEST_4749,84.96809
TEST_4750,82.39462
TEST_4751,91.38677
TEST_4752,83.02464
TEST_4753,83.01886
TEST_4754,89.92003
TEST_4755,84.655685
TEST_4756,82.53137
TEST_4757,86.64427
TEST_4758,83.23522
TEST_4759,92.463974
TEST_4760,87.81325
TEST_4761,82.96567
TEST_4762,85.48866
TEST_4763,88.51311
TEST_4764,83.367874
TEST_4765,83.01084
TEST_4766,82.62418
TEST_4767,89.843155
TEST_4768,83.240944
TEST_4769,83.21338
TEST_4770,83.2624
TEST_4771,84.91753
TEST_4772,89.30982
TEST_4773,83.23802
TEST_4774,83.821945
TEST_4775,92.64934
TEST_4776,83.98729
TEST_4777,82.57634
TEST_4778,86.29106
TEST_4779,83.080414
TEST_4780,84.74629
TEST_4781,93.99322
TEST_4782,82.38298
TEST_4783,83.07733
TEST_4784,84.92898
TEST_4785,86.331345
TEST_4786,82.95784
TEST_4787,92.78563
TEST_4788,85.00889
TEST_4789,82.940125
TEST_4790,83.68486
TEST_4791,84.24989
TEST_4792,83.32513
TEST_4793,82.5929
TEST_4794,84.77117
TEST_4795,82.34289
TEST_4796,83.194374
TEST_4797,84.01784
TEST_4798,83.28109
TEST_4799,82.8418
TEST_4800,83.8054
TEST_4801,85.71255
TEST_4802,93.62845
TEST_4803,89.45561
TEST_4804,90.2043
TEST_4805,82.4538
TEST_4806,82.27495
TEST_4807,86.122
TEST_4808,82.22769
TEST_4809,82.53096
TEST_4810,82.56837
TEST_4811,82.5386
TEST_4812,82.90414
TEST_4813,86.70793
TEST_4814,83.36031
TEST_4815,85.11393
TEST_4816,83.007324
TEST_4817,82.7554
TEST_4818,82.81591
TEST_4819,83.43108
TEST_4820,83.569214
TEST_4821,84.39915
TEST_4822,91.14578
TEST_4823,86.33009
TEST_4824,91.09424
TEST_4825,84.89077
TEST_4826,83.232895
TEST_4827,82.89805
TEST_4828,91.99059
TEST_4829,82.06636
TEST_4830,83.635635
TEST_4831,84.26905
TEST_4832,83.86249
TEST_4833,82.792534
TEST_4834,92.50696
TEST_4835,82.80461
TEST_4836,84.5403
TEST_4837,82.29054
TEST_4838,84.061485
TEST_4839,84.187485
TEST_4840,85.94631
TEST_4841,82.48043
TEST_4842,83.85467
TEST_4843,88.76339
TEST_4844,82.5029
TEST_4845,89.330246
TEST_4846,82.81879
TEST_4847,83.17804
TEST_4848,82.66622
TEST_4849,82.98951
TEST_4850,85.84657
TEST_4851,83.35317
TEST_4852,82.94774
TEST_4853,90.15438
TEST_4854,83.39755
TEST_4855,82.42833
TEST_4856,82.47286
TEST_4857,85.42919
TEST_4858,90.098335
TEST_4859,82.5692
TEST_4860,82.61731
TEST_4861,82.6963
TEST_4862,91.47681
TEST_4863,83.983765
TEST_4864,89.67998
TEST_4865,82.56642
TEST_4866,82.97858
TEST_4867,91.314835
TEST_4868,89.7805
TEST_4869,87.50166
TEST_4870,83.55648
TEST_4871,82.600296
TEST_4872,92.51622
TEST_4873,87.4855
TEST_4874,82.28841
TEST_4875,83.48832
TEST_4876,91.83032
TEST_4877,82.7102
TEST_4878,92.26749
TEST_4879,82.1003
TEST_4880,82.45812
TEST_4881,91.894455
TEST_4882,82.05793
TEST_4883,86.846535
TEST_4884,82.87545
TEST_4885,82.56202
TEST_4886,82.3973
TEST_4887,82.77619
TEST_4888,83.373726
TEST_4889,90.77966
TEST_4890,85.67438
TEST_4891,83.442535
TEST_4892,84.153015
TEST_4893,82.645836
TEST_4894,82.821205
TEST_4895,82.57947
TEST_4896,83.28259
TEST_4897,87.80432
TEST_4898,83.12326
TEST_4899,83.875595
TEST_4900,83.31003
TEST_4901,82.7825
TEST_4902,83.1958
TEST_4903,82.53292
TEST_4904,84.41281
TEST_4905,82.715706
TEST_4906,86.78122
TEST_4907,88.002014
TEST_4908,83.88327
TEST_4909,83.36864
TEST_4910,90.92672
TEST_4911,90.69296
TEST_4912,82.26036
TEST_4913,82.66974
TEST_4914,82.759155
TEST_4915,93.09002
TEST_4916,83.415855
TEST_4917,83.03875
TEST_4918,82.6006
TEST_4919,85.221756
TEST_4920,83.68652
TEST_4921,91.53261
TEST_4922,84.22382
TEST_4923,82.33916
TEST_4924,83.60096
TEST_4925,82.724335
TEST_4926,88.12077
TEST_4927,82.42868
TEST_4928,92.84079
TEST_4929,84.87541
TEST_4930,86.08893
TEST_4931,82.97982
TEST_4932,82.303986
TEST_4933,86.45746
TEST_4934,82.93112
TEST_4935,87.67288
TEST_4936,93.465836
TEST_4937,83.27869
TEST_4938,83.43478
TEST_4939,82.63373
TEST_4940,91.1595
TEST_4941,82.70134
TEST_4942,82.647705
TEST_4943,90.17938
TEST_4944,82.54884
TEST_4945,82.84427
TEST_4946,84.2368
TEST_4947,82.98616
TEST_4948,87.129654
TEST_4949,92.0228
TEST_4950,82.59329
TEST_4951,82.50116
TEST_4952,82.606674
TEST_4953,86.02169
TEST_4954,82.389465
TEST_4955,93.97007
TEST_4956,83.274155
TEST_4957,85.648674
TEST_4958,83.012726
TEST_4959,83.59303
TEST_4960,93.553604
TEST_4961,82.770935
TEST_4962,92.6958
TEST_4963,83.75674
TEST_4964,86.04193
TEST_4965,82.46198
TEST_4966,83.13628
TEST_4967,83.26614
TEST_4968,85.00992
TEST_4969,83.89012
TEST_4970,82.51291
TEST_4971,92.073265
TEST_4972,91.74305
TEST_4973,82.642105
TEST_4974,84.13052
TEST_4975,91.84877
TEST_4976,83.826965
TEST_4977,82.53671
TEST_4978,82.47708
TEST_4979,82.51666
TEST_4980,86.29339
TEST_4981,83.90871
TEST_4982,91.77499
TEST_4983,83.3659
TEST_4984,83.5809
TEST_4985,82.920044
